-- phpMyAdmin SQL Dump
-- version 4.8.0.1
-- https://www.phpmyadmin.net/
--
-- Host: 127.0.0.1
-- Generation Time: Jan 15, 2019 at 01:20 AM
-- Server version: 10.1.32-MariaDB
-- PHP Version: 7.2.5

SET SQL_MODE = "NO_AUTO_VALUE_ON_ZERO";
SET AUTOCOMMIT = 0;
START TRANSACTION;
SET time_zone = "+00:00";


/*!40101 SET @OLD_CHARACTER_SET_CLIENT=@@CHARACTER_SET_CLIENT */;
/*!40101 SET @OLD_CHARACTER_SET_RESULTS=@@CHARACTER_SET_RESULTS */;
/*!40101 SET @OLD_COLLATION_CONNECTION=@@COLLATION_CONNECTION */;
/*!40101 SET NAMES utf8mb4 */;

--
-- Database: `moapi`
--

-- --------------------------------------------------------

--
-- Table structure for table `migrations`
--

CREATE TABLE `migrations` (
  `id` int(10) UNSIGNED NOT NULL,
  `migration` varchar(191) COLLATE utf8mb4_unicode_ci NOT NULL,
  `batch` int(11) NOT NULL
) ENGINE=InnoDB DEFAULT CHARSET=utf8mb4 COLLATE=utf8mb4_unicode_ci;

--
-- Dumping data for table `migrations`
--

INSERT INTO `migrations` (`id`, `migration`, `batch`) VALUES
(1, '2014_10_12_000000_create_users_table', 1),
(2, '2014_10_12_100000_create_password_resets_table', 1),
(3, '2019_01_14_223102_create_products_table', 1),
(4, '2019_01_14_223357_create_reviews_table', 1);

-- --------------------------------------------------------

--
-- Table structure for table `password_resets`
--

CREATE TABLE `password_resets` (
  `email` varchar(191) COLLATE utf8mb4_unicode_ci NOT NULL,
  `token` varchar(191) COLLATE utf8mb4_unicode_ci NOT NULL,
  `created_at` timestamp NULL DEFAULT NULL
) ENGINE=InnoDB DEFAULT CHARSET=utf8mb4 COLLATE=utf8mb4_unicode_ci;

-- --------------------------------------------------------

--
-- Table structure for table `products`
--

CREATE TABLE `products` (
  `id` int(10) UNSIGNED NOT NULL,
  `name` varchar(191) COLLATE utf8mb4_unicode_ci NOT NULL,
  `detail` text COLLATE utf8mb4_unicode_ci NOT NULL,
  `price` int(11) NOT NULL,
  `stock` int(11) NOT NULL,
  `discount` int(11) NOT NULL,
  `created_at` timestamp NULL DEFAULT NULL,
  `updated_at` timestamp NULL DEFAULT NULL
) ENGINE=InnoDB DEFAULT CHARSET=utf8mb4 COLLATE=utf8mb4_unicode_ci;

--
-- Dumping data for table `products`
--

INSERT INTO `products` (`id`, `name`, `detail`, `price`, `stock`, `discount`, `created_at`, `updated_at`) VALUES
(1, 'odio', 'Voluptas autem sunt qui ab saepe dolorem quisquam ut. Dignissimos sed id reiciendis cum illo. Iure pariatur maxime omnis doloremque molestiae dignissimos provident maxime. Odit sint cum possimus. Soluta hic reprehenderit ullam est sint quod.', 168, 6, 16, '2019-01-14 22:15:26', '2019-01-14 22:15:26'),
(2, 'alias', 'Corporis sapiente nulla assumenda totam. Fugiat quo alias aut consequatur eligendi ipsam earum qui. Est eaque vel eligendi nihil beatae.', 122, 6, 21, '2019-01-14 22:15:26', '2019-01-14 22:15:26'),
(3, 'pariatur', 'Et quidem incidunt illum dolor. Omnis ex ducimus inventore consectetur officiis.', 180, 5, 25, '2019-01-14 22:15:26', '2019-01-14 22:15:26'),
(4, 'ea', 'Corrupti eveniet maiores fugiat earum maiores. Inventore enim nihil consequatur quasi. Quis qui dolores dolorem quasi hic repellat quia. Consequatur ipsum et debitis asperiores molestias.', 187, 1, 28, '2019-01-14 22:15:26', '2019-01-14 22:15:26'),
(5, 'reprehenderit', 'Autem odio incidunt laudantium. Aliquid qui placeat qui vero quasi. Enim quo velit velit reiciendis qui quaerat. Incidunt veniam nobis pariatur quas blanditiis non.', 175, 3, 6, '2019-01-14 22:15:26', '2019-01-14 22:15:26'),
(6, 'ipsa', 'Occaecati perferendis qui quia quia modi. Excepturi pariatur odit quaerat rerum minus. Quia aut libero quam sint beatae qui velit sequi. Quae quasi reiciendis asperiores quibusdam.', 130, 6, 20, '2019-01-14 22:15:26', '2019-01-14 22:15:26'),
(7, 'placeat', 'Rerum laudantium sit natus perspiciatis maiores aut quos. Numquam pariatur modi illo distinctio aut quas ullam.', 114, 8, 22, '2019-01-14 22:15:26', '2019-01-14 22:15:26'),
(8, 'rerum', 'Fugiat ut exercitationem id nihil quia esse quas. Autem quisquam officia dolore autem saepe id. Quos et dolorem animi unde quis mollitia. Suscipit maiores id consequatur commodi nemo.', 134, 5, 14, '2019-01-14 22:15:26', '2019-01-14 22:15:26'),
(9, 'ut', 'Possimus itaque aut nihil consectetur facilis ex est. Et dignissimos recusandae dolores necessitatibus. Et sunt eum velit quam dicta. Totam dignissimos omnis nam ut perferendis nihil magni facilis.', 163, 2, 16, '2019-01-14 22:15:26', '2019-01-14 22:15:26'),
(10, 'vero', 'Odit aperiam cumque perspiciatis quia sint nobis qui. Ipsum eum omnis et velit tenetur sint. Voluptatem quam quisquam ipsa totam eos dolorem. In provident esse odit quia facere.', 148, 1, 12, '2019-01-14 22:15:26', '2019-01-14 22:15:26'),
(11, 'aspernatur', 'Maxime dolorem error voluptas aut occaecati pariatur. Sed odio dolor itaque ipsa. Quo ad qui vero quis illum velit. Consequuntur qui omnis minima praesentium soluta aut.', 124, 0, 17, '2019-01-14 22:15:26', '2019-01-14 22:15:26'),
(12, 'quaerat', 'Numquam sit deleniti non quia vel est illum cumque. Accusantium voluptatem aut rem ut ut quae autem odit. Omnis magnam officiis minus est. Facilis enim voluptate id voluptas.', 119, 6, 11, '2019-01-14 22:15:26', '2019-01-14 22:15:26'),
(13, 'inventore', 'Quo minima autem neque. Ea recusandae odio voluptas nesciunt sint. Quia est enim et praesentium. Et voluptatem hic dignissimos nisi.', 154, 9, 25, '2019-01-14 22:15:26', '2019-01-14 22:15:26'),
(14, 'voluptates', 'Sint eum alias rerum illum dolor dicta culpa. Vel ipsa dolor culpa vel aperiam ab. Facilis qui ex ipsam perspiciatis inventore dolorem similique hic.', 153, 0, 28, '2019-01-14 22:15:26', '2019-01-14 22:15:26'),
(15, 'provident', 'Quia illum consectetur fugit. Beatae omnis quibusdam reprehenderit nihil. A ab aut laboriosam debitis voluptas fuga facilis necessitatibus.', 102, 3, 5, '2019-01-14 22:15:27', '2019-01-14 22:15:27'),
(16, 'iure', 'Fuga fugiat ut dignissimos in. Consequatur itaque inventore harum. Repellat laborum sint ipsam rerum nulla ipsam sequi ut.', 103, 3, 18, '2019-01-14 22:15:27', '2019-01-14 22:15:27'),
(17, 'at', 'Maiores recusandae asperiores cum error enim qui. Corporis saepe iusto mollitia amet iure. Nisi sequi vel porro numquam.', 168, 8, 28, '2019-01-14 22:15:27', '2019-01-14 22:15:27'),
(18, 'reprehenderit', 'Commodi est aut dignissimos in mollitia. Modi unde aut doloribus natus voluptatem. Ea enim accusantium tempora.', 174, 9, 13, '2019-01-14 22:15:27', '2019-01-14 22:15:27'),
(19, 'in', 'Voluptatem qui ut recusandae quisquam. Numquam vel magnam voluptatibus pariatur omnis dolor autem minus.', 159, 0, 8, '2019-01-14 22:15:27', '2019-01-14 22:15:27'),
(20, 'cumque', 'Ea soluta omnis at maxime corrupti aperiam. Fugit aut non asperiores nostrum consequatur quibusdam. Numquam corrupti sint ut quia nihil. Soluta tempore aut possimus eligendi ut quas.', 120, 1, 15, '2019-01-14 22:15:27', '2019-01-14 22:15:27'),
(21, 'ipsum', 'Omnis facere modi quisquam qui rerum veritatis impedit. Est qui quasi modi et voluptatem molestiae tenetur esse. Explicabo aliquid consectetur iusto ut. Sed nihil voluptas iusto asperiores sed.', 166, 0, 13, '2019-01-14 22:15:27', '2019-01-14 22:15:27'),
(22, 'consequatur', 'Tenetur sunt qui velit enim. Magni sint quia dolor facere modi eius et. Repellat magnam ut nulla laudantium quis id et. Impedit quisquam tempore et voluptatem nemo incidunt.', 190, 3, 19, '2019-01-14 22:15:27', '2019-01-14 22:15:27'),
(23, 'ipsum', 'Est qui est sapiente impedit debitis neque. Ut blanditiis nam quisquam qui commodi.', 189, 2, 4, '2019-01-14 22:15:27', '2019-01-14 22:15:27'),
(24, 'dolorem', 'Pariatur qui repellat aspernatur. Rerum est nam iusto est quo sint. Eos qui esse enim illum. Ab ea vitae et iure possimus quisquam voluptatem.', 176, 4, 15, '2019-01-14 22:15:27', '2019-01-14 22:15:27'),
(25, 'suscipit', 'Dolores nobis non ut deleniti enim maxime. Asperiores expedita ut ea quibusdam. Asperiores assumenda est non dicta. Odio ex consequatur ut ea consequuntur perspiciatis rerum est.', 102, 9, 17, '2019-01-14 22:15:27', '2019-01-14 22:15:27'),
(26, 'in', 'Assumenda temporibus repellendus nihil dolores. Itaque ut qui ratione cupiditate repellendus qui. Exercitationem dolores consequatur perferendis enim ut repudiandae.', 178, 8, 22, '2019-01-14 22:15:27', '2019-01-14 22:15:27'),
(27, 'qui', 'In quia voluptates id asperiores modi. Velit ipsam dicta sapiente a. Sunt nostrum reprehenderit aut aut maiores. Aspernatur totam quas alias veritatis cum.', 197, 2, 29, '2019-01-14 22:15:27', '2019-01-14 22:15:27'),
(28, 'voluptas', 'Vel et sunt dicta optio rerum. Debitis laudantium in commodi in nihil. Soluta enim dolore qui et earum perspiciatis. Sapiente officiis quos officiis corporis qui sint eos dolorem.', 161, 5, 19, '2019-01-14 22:15:27', '2019-01-14 22:15:27'),
(29, 'eaque', 'Quisquam est velit magnam ipsum repellendus. Sint nihil molestiae omnis vitae a. Quia molestiae illum aperiam occaecati eveniet beatae quos voluptatem.', 143, 9, 13, '2019-01-14 22:15:27', '2019-01-14 22:15:27'),
(30, 'sit', 'Earum doloremque adipisci facere quidem asperiores. Quidem perspiciatis sit dolorem facere minima aut et. Corrupti et et voluptatem sit. Quas voluptatibus iste omnis eos.', 199, 5, 4, '2019-01-14 22:15:27', '2019-01-14 22:15:27'),
(31, 'sint', 'Magnam et ut sed mollitia doloribus. Porro accusamus et aut aliquam unde amet dolores. Voluptatem neque qui cumque aspernatur iste vel est. Sit nobis perferendis culpa fugiat quia.', 175, 5, 16, '2019-01-14 22:15:27', '2019-01-14 22:15:27'),
(32, 'sed', 'In molestiae laborum officiis explicabo non sit. Ut voluptates ipsum harum eius quibusdam nam perspiciatis quisquam. Et ut ipsam asperiores excepturi neque. Rem tempora eaque ut maiores qui aut repellendus. Ea voluptate dolor porro sint facere ex minima laborum.', 152, 8, 9, '2019-01-14 22:15:27', '2019-01-14 22:15:27'),
(33, 'accusantium', 'Et consequatur neque consequatur sed recusandae non tempore. Id odio saepe mollitia voluptatem qui quam architecto. Quia veniam error vel minima et non cupiditate. Non cum iste et repellendus veniam animi porro.', 143, 3, 19, '2019-01-14 22:15:27', '2019-01-14 22:15:27'),
(34, 'porro', 'Ut magnam quis debitis nihil officia. Voluptas dolore nam pariatur amet. A accusantium rerum molestiae asperiores.', 148, 0, 8, '2019-01-14 22:15:27', '2019-01-14 22:15:27'),
(35, 'architecto', 'Dolor provident distinctio ut corrupti omnis fugit. Dolorem ducimus distinctio id quia molestiae facere ad. Qui nihil ex et dolorem. Aperiam qui ea ipsa qui dicta recusandae nostrum.', 190, 2, 22, '2019-01-14 22:15:27', '2019-01-14 22:15:27'),
(36, 'et', 'Provident non sint aliquam cupiditate ut aut ut. Et sint voluptatem molestiae libero. Eum id ut et et. Ipsum architecto molestiae eligendi.', 169, 3, 19, '2019-01-14 22:15:27', '2019-01-14 22:15:27'),
(37, 'reprehenderit', 'Quo hic incidunt ut ab rem odio sed praesentium. Iure est officiis consequuntur sapiente tempore.', 153, 5, 9, '2019-01-14 22:15:27', '2019-01-14 22:15:27'),
(38, 'non', 'Sint sint tenetur itaque ut. Nesciunt doloribus aut doloremque at vel vel. Et rem nihil suscipit nesciunt aut et rerum. Atque non ratione et consequatur quos voluptatem.', 152, 6, 7, '2019-01-14 22:15:28', '2019-01-14 22:15:28'),
(39, 'ab', 'Aperiam cumque vel libero molestias dolor facilis. Sed qui libero ut dicta aliquid sed voluptatem ducimus. Enim ullam facere perferendis. Sunt sint debitis ad qui molestiae nesciunt accusantium.', 162, 9, 24, '2019-01-14 22:15:28', '2019-01-14 22:15:28'),
(40, 'laudantium', 'Quis eos blanditiis ea odit iste. Consectetur qui error qui perspiciatis molestias. Magnam dolore quo atque aut possimus nobis consequuntur fugiat.', 108, 0, 22, '2019-01-14 22:15:28', '2019-01-14 22:15:28'),
(41, 'incidunt', 'Ad rerum corporis quae exercitationem error velit. Rerum adipisci sit exercitationem rerum ipsa dolor ut. Sit ut odio atque est aut. Ut qui ad ipsum ratione atque.', 195, 9, 22, '2019-01-14 22:15:28', '2019-01-14 22:15:28'),
(42, 'quod', 'Quia impedit id est id perspiciatis. Nisi sunt aliquid enim omnis eos. Dolor excepturi quos dolorum. Temporibus doloribus aut rerum beatae quis.', 168, 9, 6, '2019-01-14 22:15:28', '2019-01-14 22:15:28'),
(43, 'fugit', 'Consequuntur rerum ut voluptatem eos sit. Nihil quae animi sint occaecati qui sit ut. Non rerum sequi minima iusto quam voluptatem. Delectus excepturi rerum tempora facilis. Non et non aspernatur ullam doloremque.', 133, 5, 24, '2019-01-14 22:15:28', '2019-01-14 22:15:28'),
(44, 'sed', 'Nihil numquam minus accusantium facere suscipit. Fugiat in aut officiis. Aut architecto eos blanditiis. Esse sapiente commodi voluptatem velit expedita quasi.', 111, 0, 27, '2019-01-14 22:15:28', '2019-01-14 22:15:28'),
(45, 'culpa', 'Itaque aut repellendus mollitia ut pariatur qui. Officia eius dolor quia id. Officiis voluptates ipsum eum unde aut. Laudantium illum necessitatibus ea quod.', 157, 7, 12, '2019-01-14 22:15:28', '2019-01-14 22:15:28'),
(46, 'adipisci', 'Ut necessitatibus dolorum porro aut. Esse exercitationem quos eos vitae. Ducimus repellendus nihil dolorem exercitationem consequatur in dolores. Eos debitis vel ipsum sit.', 130, 6, 21, '2019-01-14 22:15:28', '2019-01-14 22:15:28'),
(47, 'sit', 'Quod vero est ducimus. Accusamus ea dolores voluptate earum dolorum. Harum sunt et soluta ab ut perspiciatis.', 168, 0, 14, '2019-01-14 22:15:28', '2019-01-14 22:15:28'),
(48, 'aut', 'Sequi illo magnam recusandae officia dolorem. Ut quia quam voluptas. Unde suscipit dolor voluptatem voluptas qui.', 151, 8, 24, '2019-01-14 22:15:28', '2019-01-14 22:15:28'),
(49, 'ipsum', 'Quia perferendis odio quod fuga. Autem deleniti debitis porro quasi delectus voluptas eveniet rerum. Nobis enim maiores vero exercitationem quis omnis ab. Provident nihil quo sed animi ut autem.', 137, 2, 16, '2019-01-14 22:15:28', '2019-01-14 22:15:28'),
(50, 'quod', 'Ad rerum id corrupti animi. Dolore sunt sed officia dignissimos voluptatibus. Eos sit molestias quo aliquid laborum.', 114, 0, 18, '2019-01-14 22:15:28', '2019-01-14 22:15:28');

-- --------------------------------------------------------

--
-- Table structure for table `reviews`
--

CREATE TABLE `reviews` (
  `id` int(10) UNSIGNED NOT NULL,
  `product_id` int(10) UNSIGNED NOT NULL,
  `customer` varchar(191) COLLATE utf8mb4_unicode_ci NOT NULL,
  `review` text COLLATE utf8mb4_unicode_ci NOT NULL,
  `star` int(11) NOT NULL,
  `created_at` timestamp NULL DEFAULT NULL,
  `updated_at` timestamp NULL DEFAULT NULL
) ENGINE=InnoDB DEFAULT CHARSET=utf8mb4 COLLATE=utf8mb4_unicode_ci;

--
-- Dumping data for table `reviews`
--

INSERT INTO `reviews` (`id`, `product_id`, `customer`, `review`, `star`, `created_at`, `updated_at`) VALUES
(1, 13, 'Vernon West', 'Reprehenderit sapiente qui esse. Unde fugit et fugiat veritatis voluptatem vel sit. Explicabo aut quisquam nostrum quia et.', 3, '2019-01-14 22:15:29', '2019-01-14 22:15:29'),
(2, 18, 'Prof. Jovani Price Sr.', 'Consequuntur enim ipsa est qui quia quo accusantium. Dolore assumenda aut dolorem quo. Et eaque nihil repellat amet ad explicabo. Dolorem voluptas numquam et a tempore.', 5, '2019-01-14 22:15:29', '2019-01-14 22:15:29'),
(3, 36, 'Ariane Walker', 'Ut molestiae rerum fugiat voluptatem pariatur magni. Saepe voluptatum aut esse sit veritatis. Atque voluptates eum provident placeat voluptate quo quasi tempore.', 4, '2019-01-14 22:15:29', '2019-01-14 22:15:29'),
(4, 29, 'Kiley Schiller', 'Ut consequatur illum est ea aut. Ut libero facere tenetur autem deserunt voluptate. Consequuntur distinctio error debitis nulla sint. Est totam sunt rerum.', 3, '2019-01-14 22:15:29', '2019-01-14 22:15:29'),
(5, 3, 'Irwin Hansen', 'Ullam et quod non consectetur distinctio. Consectetur ipsum perspiciatis consequatur velit id. Accusantium beatae nihil fugit molestiae. Voluptatum assumenda animi eos repellendus.', 5, '2019-01-14 22:15:29', '2019-01-14 22:15:29'),
(6, 36, 'Tristian Emmerich', 'Numquam omnis aliquid consequatur quibusdam quia ut quos. Ut dolor rem officiis molestiae consequatur quae assumenda. Veritatis fuga deserunt aperiam. Eaque est corrupti fuga eos nostrum inventore.', 4, '2019-01-14 22:15:29', '2019-01-14 22:15:29'),
(7, 2, 'Alvis Block', 'Assumenda eius eum et quis. Saepe veritatis perspiciatis officiis et. Soluta sit eius facere et voluptatem. Cum consequatur quidem rem repellendus minus ex ad.', 3, '2019-01-14 22:15:29', '2019-01-14 22:15:29'),
(8, 14, 'Electa Schumm', 'Maxime autem fuga dolorem voluptas omnis. Error veritatis velit in impedit. Dolor tempore rem facere aliquam.', 5, '2019-01-14 22:15:29', '2019-01-14 22:15:29'),
(9, 13, 'Furman Marquardt', 'Enim laboriosam praesentium quisquam omnis. Sed dolor dignissimos nemo voluptas molestias voluptas. Recusandae maxime culpa suscipit aut at. Est vitae quasi pariatur placeat ut alias culpa.', 3, '2019-01-14 22:15:29', '2019-01-14 22:15:29'),
(10, 15, 'Jennyfer Rodriguez II', 'Aut tempore qui et adipisci autem modi. Qui sunt aut eligendi voluptatem. Velit quam ratione dolor et.', 4, '2019-01-14 22:15:29', '2019-01-14 22:15:29'),
(11, 35, 'Dr. Jimmie Harris V', 'Vitae praesentium nesciunt doloremque aut illo. Aut ullam quo laudantium veniam. Consequuntur quisquam omnis inventore facere. Ipsa at sint tenetur et at.', 0, '2019-01-14 22:15:29', '2019-01-14 22:15:29'),
(12, 34, 'Hipolito Jacobs', 'Repellendus dolorum accusantium enim ut non. Explicabo dolorum quo iste tempora aliquid aut et.', 0, '2019-01-14 22:15:29', '2019-01-14 22:15:29'),
(13, 31, 'Aidan Simonis PhD', 'Repellendus est illo corrupti ullam. Qui qui eos eos. Aperiam quidem sed doloribus et. Laborum adipisci sit id laborum eius accusantium explicabo officiis.', 0, '2019-01-14 22:15:29', '2019-01-14 22:15:29'),
(14, 7, 'Dudley Kutch', 'Itaque doloribus accusamus omnis ex neque. Omnis quis commodi vero inventore. Doloribus eos veniam consequatur labore ut tenetur.', 2, '2019-01-14 22:15:29', '2019-01-14 22:15:29'),
(15, 13, 'Elody Tromp', 'Et explicabo omnis enim labore nihil deserunt quo. Nihil ad optio dolorem culpa laborum voluptatem. Est tempora nemo est temporibus alias et.', 1, '2019-01-14 22:15:29', '2019-01-14 22:15:29'),
(16, 12, 'Mr. Lamont Graham', 'Quis odio natus pariatur eos aut impedit. Quae eligendi pariatur praesentium itaque. Et delectus qui sequi reprehenderit quaerat incidunt.', 4, '2019-01-14 22:15:30', '2019-01-14 22:15:30'),
(17, 16, 'Violette Ruecker', 'Ea voluptates inventore earum repellat tenetur. Corporis debitis neque rerum voluptatem voluptatem. Velit provident praesentium nesciunt excepturi sunt fugiat tempore veritatis.', 2, '2019-01-14 22:15:30', '2019-01-14 22:15:30'),
(18, 10, 'Axel Cruickshank', 'Consequatur quas quia non dolor. Ut mollitia eveniet nesciunt officiis repellendus ut veniam. Excepturi sed quam suscipit dolorem eum quos sed. Culpa facilis molestiae impedit enim libero itaque dolore aut.', 5, '2019-01-14 22:15:30', '2019-01-14 22:15:30'),
(19, 5, 'Mr. Emory Goldner DDS', 'Id ipsam dolor doloremque culpa qui natus. Consequatur et et pariatur culpa ut. Ut quasi assumenda incidunt a voluptas. Assumenda at odio quibusdam consectetur.', 1, '2019-01-14 22:15:30', '2019-01-14 22:15:30'),
(20, 50, 'Manuel Kunze', 'Vero enim voluptatem qui et. Et quos aliquam laborum sit. Ullam qui quis corrupti maiores minus.', 5, '2019-01-14 22:15:30', '2019-01-14 22:15:30'),
(21, 29, 'Alysa Flatley', 'Sit delectus cumque quia asperiores. Culpa commodi ea aliquid sed eveniet ut omnis. Saepe ratione magnam velit totam tempora quia aut. Non et laboriosam aut voluptatum eum tempore saepe.', 1, '2019-01-14 22:15:30', '2019-01-14 22:15:30'),
(22, 2, 'Prof. Pascale Brakus Jr.', 'Molestiae ea earum sed delectus hic. Repudiandae expedita laborum suscipit. Qui recusandae odio est qui qui. Deserunt placeat et sequi aperiam aut ex.', 4, '2019-01-14 22:15:30', '2019-01-14 22:15:30'),
(23, 6, 'Dr. Jorge Hartmann', 'Debitis consequatur amet laboriosam. Et a architecto et dignissimos voluptates omnis ea.', 1, '2019-01-14 22:15:30', '2019-01-14 22:15:30'),
(24, 6, 'Edna Hegmann', 'Ut voluptatem recusandae laudantium. Odio ipsum dolorem consequatur nihil. Dolores temporibus quisquam sed mollitia. Dolorem voluptatem maxime maxime ullam autem.', 1, '2019-01-14 22:15:30', '2019-01-14 22:15:30'),
(25, 4, 'Juanita Mohr', 'Modi dignissimos sunt tempora quo voluptatem odit necessitatibus. Rerum laudantium eveniet fuga aut nemo dolores eum sint. Aut libero repellat tempore sunt laudantium ut.', 2, '2019-01-14 22:15:30', '2019-01-14 22:15:30'),
(26, 35, 'Hannah Kessler', 'Et provident ipsam totam ut illo quis. Voluptatibus omnis sapiente qui ullam expedita. Enim sint quibusdam sit minus facilis sint corporis voluptatem. Magni in repellat aut harum iusto.', 0, '2019-01-14 22:15:30', '2019-01-14 22:15:30'),
(27, 13, 'Dane Harvey', 'Et facilis perferendis quas aut pariatur non. Nulla nobis qui natus ipsum amet.', 4, '2019-01-14 22:15:30', '2019-01-14 22:15:30'),
(28, 9, 'Mrs. Dolores Bartoletti', 'Et accusantium et ut quia ipsum odit. Voluptatum qui maxime ut veritatis. Officiis maiores incidunt eaque cum. Aut rerum iste qui eligendi dignissimos et.', 2, '2019-01-14 22:15:30', '2019-01-14 22:15:30'),
(29, 16, 'Dr. Horacio Dach', 'Eveniet ut et sint est. Soluta facere recusandae est dolores. Tempora ad et et suscipit amet. Eligendi quo neque veniam esse aspernatur.', 3, '2019-01-14 22:15:30', '2019-01-14 22:15:30'),
(30, 7, 'Hunter Weber II', 'Minus sint sequi enim. Occaecati eum aut possimus enim aut voluptatem voluptatem consequatur. Consequatur impedit libero error et consectetur laborum.', 4, '2019-01-14 22:15:30', '2019-01-14 22:15:30'),
(31, 32, 'Dr. Amie Wisozk IV', 'Iure corporis mollitia rerum iste molestiae dolores. Rem totam vitae quaerat assumenda in in expedita.', 1, '2019-01-14 22:15:30', '2019-01-14 22:15:30'),
(32, 10, 'Dr. Ronny Gutmann', 'Ea alias earum deserunt recusandae aut iure. Asperiores deleniti repellat autem. Quisquam nesciunt sint qui tenetur et consequatur. Quaerat commodi sint aspernatur placeat enim dicta corporis.', 1, '2019-01-14 22:15:30', '2019-01-14 22:15:30'),
(33, 16, 'Calista Haley', 'Non est unde voluptatum. Aperiam debitis quibusdam ipsum. Voluptatem error magnam delectus natus accusamus.', 4, '2019-01-14 22:15:30', '2019-01-14 22:15:30'),
(34, 12, 'Eileen Carter', 'Et reiciendis cumque et ut quisquam error necessitatibus. At libero ut in magni nam praesentium alias. Fuga debitis non sint esse culpa. Sequi consectetur est nulla repudiandae.', 2, '2019-01-14 22:15:30', '2019-01-14 22:15:30'),
(35, 44, 'Casey O\'Hara', 'Odit dolor alias ratione corrupti optio. Provident exercitationem doloribus sunt praesentium blanditiis omnis at ullam. Nulla quia fugiat ad fugit maxime. Repudiandae voluptatibus quia saepe dolor non repellat.', 3, '2019-01-14 22:15:30', '2019-01-14 22:15:30'),
(36, 40, 'Domingo Yost', 'Aperiam quaerat voluptatum fugiat facere temporibus. Minus optio et numquam impedit. Perferendis qui ducimus quas sint ullam quo quos. Voluptatem autem voluptatem dolore asperiores. Ducimus mollitia et magni veniam quisquam.', 3, '2019-01-14 22:15:30', '2019-01-14 22:15:30'),
(37, 43, 'Prof. Eleazar Kub', 'Magnam autem placeat dolorem beatae sed. Dolores animi laudantium qui architecto qui sit. Culpa voluptatibus sunt ut rerum assumenda provident sapiente.', 4, '2019-01-14 22:15:31', '2019-01-14 22:15:31'),
(38, 12, 'Dr. Dianna Hane', 'Aut veritatis consectetur explicabo. Doloribus laudantium fuga cum expedita eaque dolor. Perspiciatis molestiae sed totam deserunt excepturi. Necessitatibus maiores doloremque placeat nisi excepturi quod soluta.', 5, '2019-01-14 22:15:31', '2019-01-14 22:15:31'),
(39, 46, 'Retta Pagac', 'Ad ut exercitationem laudantium nulla sit aperiam magnam. Et dolorem corrupti voluptate ea quis ut. In occaecati modi odit eius harum quo qui. Quam ut consequatur facilis.', 1, '2019-01-14 22:15:31', '2019-01-14 22:15:31'),
(40, 12, 'Mortimer Gottlieb V', 'Quis magni est ut ea. Sunt quia sed totam rerum. Delectus molestiae vitae rerum voluptates repudiandae aliquid. Praesentium minima omnis vero minus magnam inventore est.', 3, '2019-01-14 22:15:31', '2019-01-14 22:15:31'),
(41, 7, 'Stephanie Bartell V', 'Atque nostrum earum minima et illo consequatur labore et. Cumque est dicta omnis laboriosam ut. Recusandae suscipit qui temporibus consectetur qui numquam. Ratione praesentium dolor quis id recusandae molestiae similique.', 2, '2019-01-14 22:15:31', '2019-01-14 22:15:31'),
(42, 33, 'Constantin Schultz', 'Quo illo tenetur quasi voluptatem maxime. Nemo dolores optio vero et. Ut rem voluptas rerum aliquid qui. Soluta eaque autem placeat ab et quia.', 2, '2019-01-14 22:15:31', '2019-01-14 22:15:31'),
(43, 33, 'Prof. Roel Collier', 'Aperiam nihil sequi tempora ut perferendis impedit perferendis. Dolor adipisci sed odio cum qui. Id quia alias at id accusamus. Aut nihil similique in omnis consequuntur ea. Quis eos laborum voluptatibus illum rerum quis.', 4, '2019-01-14 22:15:31', '2019-01-14 22:15:31'),
(44, 27, 'Brice Von MD', 'Sit culpa et sit a a eius. Repellat qui velit porro harum. Aut omnis beatae voluptatem sint porro consequatur sit. Amet id maxime esse quos ut distinctio.', 4, '2019-01-14 22:15:31', '2019-01-14 22:15:31'),
(45, 45, 'Vida Langosh II', 'Officiis numquam ut impedit asperiores doloribus et sunt ut. Aut excepturi non voluptatem deleniti odio. Ipsam maiores vel voluptate deleniti eos quasi quas.', 5, '2019-01-14 22:15:31', '2019-01-14 22:15:31'),
(46, 10, 'Arno McKenzie Jr.', 'Distinctio porro et unde omnis sunt. Hic occaecati aut quidem sed. Facilis sapiente adipisci autem corporis in rem ipsa.', 4, '2019-01-14 22:15:31', '2019-01-14 22:15:31'),
(47, 22, 'Dr. Carson Paucek PhD', 'Voluptatem a ut illum. Et est excepturi harum molestias. Consequatur provident dignissimos quaerat nesciunt laborum. Natus enim voluptate nemo et. Id est excepturi numquam reprehenderit fugiat sunt.', 2, '2019-01-14 22:15:31', '2019-01-14 22:15:31'),
(48, 36, 'Harry Leannon', 'In odit commodi commodi officia atque alias nisi. Provident accusantium dolores sed aut ut est. Et magni ut libero consectetur consequatur qui laborum aut.', 2, '2019-01-14 22:15:31', '2019-01-14 22:15:31'),
(49, 2, 'Verda Kutch', 'Ex vel distinctio earum non. Eum ipsa libero omnis nam quia id ut. Sit eos qui aut et. Aut illum debitis in.', 4, '2019-01-14 22:15:31', '2019-01-14 22:15:31'),
(50, 36, 'Prof. Sean Homenick I', 'Dicta iste accusamus dolores deserunt. Atque impedit consequatur quae explicabo. Est ea iste tenetur tenetur.', 3, '2019-01-14 22:15:31', '2019-01-14 22:15:31'),
(51, 2, 'Terrell Eichmann', 'Impedit quasi nisi nobis autem commodi pariatur non aut. Et commodi praesentium modi ipsum. Voluptatem quibusdam et consequatur quod molestiae sint praesentium voluptatibus. Aspernatur nostrum beatae beatae est quod aut.', 4, '2019-01-14 22:15:31', '2019-01-14 22:15:31'),
(52, 5, 'June White V', 'Eaque voluptas dolorem vero et. Id maxime illum quo neque autem. Et cumque aut sunt.', 5, '2019-01-14 22:15:31', '2019-01-14 22:15:31'),
(53, 15, 'Art Miller Sr.', 'Quae asperiores asperiores aut iure quia aliquam sed. Soluta aut blanditiis veritatis sed eos.', 2, '2019-01-14 22:15:31', '2019-01-14 22:15:31'),
(54, 4, 'Isai Beatty', 'Inventore veniam quisquam consequatur ipsum aut repudiandae. Illo distinctio voluptatem praesentium qui maiores praesentium velit. Molestiae sunt sint voluptatem reprehenderit qui earum nisi. Quod reprehenderit impedit ut et accusantium qui.', 2, '2019-01-14 22:15:31', '2019-01-14 22:15:31'),
(55, 17, 'Yesenia Luettgen', 'Architecto voluptatem explicabo saepe odit aut est vel. Recusandae dolores eos voluptatem voluptas. Maiores laborum praesentium doloribus delectus aliquid quaerat.', 3, '2019-01-14 22:15:31', '2019-01-14 22:15:31'),
(56, 45, 'Tressie Goyette', 'Molestiae eum ab veritatis sint similique. Non tempore qui ipsam dolor. Sapiente sit at ut non exercitationem. Eaque vel blanditiis inventore voluptatum sed aut.', 0, '2019-01-14 22:15:31', '2019-01-14 22:15:31'),
(57, 11, 'Dena Emard', 'Id velit voluptatem molestiae tempora aut aliquam ipsam. Error nulla et fuga fugiat. Sint culpa quis dicta aut.', 3, '2019-01-14 22:15:31', '2019-01-14 22:15:31'),
(58, 37, 'Leora McGlynn', 'Et et modi similique perspiciatis quos aut omnis. Beatae earum tempore magnam deserunt dolor adipisci distinctio. Pariatur ab sequi reiciendis numquam consectetur accusantium. Et perspiciatis voluptate voluptatibus autem omnis.', 5, '2019-01-14 22:15:31', '2019-01-14 22:15:31'),
(59, 5, 'Mrs. Herta Grady Sr.', 'Voluptas praesentium eveniet ratione sed. Dolorem molestiae id deleniti libero ut eligendi. Unde sed omnis cumque dolores sint. Possimus et facere ut nihil velit cumque.', 3, '2019-01-14 22:15:32', '2019-01-14 22:15:32'),
(60, 29, 'Lambert Jacobi', 'Est aliquam quas provident veniam. Iste magnam velit corrupti veniam molestiae alias. Totam odit repellat officia blanditiis.', 3, '2019-01-14 22:15:32', '2019-01-14 22:15:32'),
(61, 28, 'Danika Eichmann', 'Dignissimos reprehenderit qui omnis nihil repudiandae autem alias. Ab et aut recusandae est sunt eum suscipit necessitatibus. Maiores dolorem asperiores exercitationem eligendi tempora. Dolorem laborum ab voluptatem sint et.', 3, '2019-01-14 22:15:32', '2019-01-14 22:15:32'),
(62, 13, 'Dr. Desiree Bechtelar II', 'Harum quia numquam beatae aut. Est dolores temporibus non sint alias. Dicta in et numquam qui.', 3, '2019-01-14 22:15:32', '2019-01-14 22:15:32'),
(63, 13, 'Guillermo Wiegand', 'Reiciendis ratione quam est provident. Ut consequuntur debitis illo aut corrupti labore atque itaque. Ipsa aut dolores dolores et et. Provident qui ducimus iure debitis sunt commodi qui.', 0, '2019-01-14 22:15:32', '2019-01-14 22:15:32'),
(64, 41, 'Morgan Eichmann', 'Voluptatum dicta ut dolorem vel. Assumenda vero ad et quibusdam nobis. Similique ratione dignissimos enim rem ab eveniet. Tenetur voluptas est unde minus.', 5, '2019-01-14 22:15:32', '2019-01-14 22:15:32'),
(65, 10, 'Juanita Stanton', 'Nesciunt quia ullam rem ut autem. Iusto quae iure autem modi porro. Est nemo dolor saepe blanditiis.', 4, '2019-01-14 22:15:32', '2019-01-14 22:15:32'),
(66, 29, 'Megane Becker', 'Est quia fuga aliquam omnis. Quod earum ipsum aut sint. Laboriosam aut nemo et et. Ut qui explicabo ad voluptate et laborum.', 1, '2019-01-14 22:15:32', '2019-01-14 22:15:32'),
(67, 50, 'Prof. Werner Grimes', 'Eveniet velit rerum non aut nemo amet omnis omnis. At pariatur illo et aspernatur provident quia totam.', 2, '2019-01-14 22:15:32', '2019-01-14 22:15:32'),
(68, 28, 'Mr. Alek Runolfsson', 'Eum a nam sint magnam hic blanditiis vel. Quibusdam quasi et quam consequatur repellat. Quaerat dolor dolore ducimus illo harum ea. Deserunt harum voluptatem quasi excepturi non ab ut.', 5, '2019-01-14 22:15:32', '2019-01-14 22:15:32'),
(69, 34, 'Cedrick Paucek', 'Et consectetur enim dolore. Autem molestiae atque voluptas sint excepturi vero omnis quam. Reiciendis ipsa quasi iste vitae sunt provident commodi. Et modi adipisci perspiciatis impedit.', 2, '2019-01-14 22:15:32', '2019-01-14 22:15:32'),
(70, 44, 'Hilma Jones', 'Facere molestias autem dolor quod velit. Beatae est dolorum voluptas quasi neque. Deserunt eaque labore et impedit voluptas suscipit. Veniam quo earum inventore consequatur itaque quia sed molestias.', 0, '2019-01-14 22:15:32', '2019-01-14 22:15:32'),
(71, 47, 'Josie Shields', 'Quia mollitia voluptates voluptates voluptates. Unde voluptates illo rerum nulla rerum quaerat sunt id.', 1, '2019-01-14 22:15:32', '2019-01-14 22:15:32'),
(72, 31, 'Tyrique Moore', 'Numquam tempora et velit dolore doloremque eligendi. Inventore debitis corrupti eligendi. In et quis similique et aliquam. Eum ipsa quam voluptas.', 4, '2019-01-14 22:15:32', '2019-01-14 22:15:32'),
(73, 4, 'Gerhard Dooley DVM', 'Ut omnis nihil quibusdam. Quidem quia et quidem voluptates velit occaecati. Aspernatur ipsa velit dolorum nobis. Nobis nisi harum error veritatis voluptatibus consequuntur excepturi. Cum dolor sequi et voluptates sint officia.', 4, '2019-01-14 22:15:32', '2019-01-14 22:15:32'),
(74, 44, 'Mr. Gianni Aufderhar', 'Consequatur est hic qui perferendis est ut. Autem numquam rerum quae fugiat illum sint. Et aut possimus numquam. Enim placeat dolorem voluptatem.', 5, '2019-01-14 22:15:32', '2019-01-14 22:15:32'),
(75, 11, 'Florian Bernhard', 'Labore dolorum accusantium esse. At ut consequuntur ipsa culpa. Molestiae doloribus molestias saepe ipsam fugiat itaque omnis. Cum consectetur cumque laboriosam sunt perspiciatis eveniet reprehenderit.', 3, '2019-01-14 22:15:32', '2019-01-14 22:15:32'),
(76, 17, 'Mr. Thad Stracke DDS', 'Iusto et rerum excepturi et qui rerum et. Iusto qui sint reiciendis non optio vero reiciendis. Quia ipsam repudiandae possimus labore sapiente.', 2, '2019-01-14 22:15:32', '2019-01-14 22:15:32'),
(77, 33, 'Juanita Grady I', 'Eligendi nisi ab error nihil. Eos adipisci commodi iusto sint sapiente aperiam est. Vel qui iure eligendi quo.', 2, '2019-01-14 22:15:33', '2019-01-14 22:15:33'),
(78, 9, 'Mr. Ansel Leannon', 'Culpa omnis ut consequatur dolore sint quas vitae. Qui ut repellat et occaecati.', 5, '2019-01-14 22:15:33', '2019-01-14 22:15:33'),
(79, 26, 'Dr. Julius Kessler', 'Et aut eius quod quis esse ducimus. Rerum officia nobis sit tempore natus ex aut. Blanditiis rerum soluta temporibus et.', 3, '2019-01-14 22:15:33', '2019-01-14 22:15:33'),
(80, 27, 'Jayson Howe', 'Molestias qui sed omnis. Neque ea porro eaque sed et. Sequi rerum in molestiae veniam sit qui. Recusandae sit dolore nobis placeat nemo ea quam ex.', 3, '2019-01-14 22:15:33', '2019-01-14 22:15:33'),
(81, 34, 'Mustafa Wehner', 'Esse quos accusamus cumque fugiat. Alias eius nulla ut inventore placeat ratione. Omnis error saepe quasi eligendi ipsam quia. Qui reiciendis quia placeat sunt.', 2, '2019-01-14 22:15:33', '2019-01-14 22:15:33'),
(82, 5, 'Quentin Johnston', 'Cupiditate ut suscipit soluta ipsum. Velit odit ab sit. Molestiae maxime sapiente id expedita minus minima ut eius. Alias velit ut sequi quia.', 1, '2019-01-14 22:15:33', '2019-01-14 22:15:33'),
(83, 26, 'Carlie Kautzer IV', 'Enim amet sunt id inventore sit libero facere quos. Est labore quas neque cum. Adipisci quia consequuntur aut qui dolor minima.', 2, '2019-01-14 22:15:33', '2019-01-14 22:15:33'),
(84, 39, 'Mrs. Faye Balistreri', 'Repudiandae repellendus reprehenderit et molestiae quia natus. Quaerat odit consequatur eligendi hic. Et incidunt nam aut magnam. Voluptatem est fugit expedita aut odio quaerat ut.', 5, '2019-01-14 22:15:33', '2019-01-14 22:15:33'),
(85, 29, 'Neoma Mayert', 'Sequi et sit et ut. Neque magni nam quo soluta possimus sit. Delectus nostrum explicabo veritatis itaque eveniet hic ullam. Quo asperiores autem esse impedit nam et.', 3, '2019-01-14 22:15:33', '2019-01-14 22:15:33'),
(86, 35, 'Liza Hoppe', 'Veritatis eos molestias soluta eligendi doloremque. Velit dolorem optio autem. Porro quia cum quo quia. Veniam molestias incidunt explicabo et.', 5, '2019-01-14 22:15:33', '2019-01-14 22:15:33'),
(87, 17, 'Dr. Erwin Metz', 'Omnis iste mollitia fugit est repudiandae. Et quae non ea soluta rerum. Eum est doloremque et distinctio quasi itaque. Corporis qui tempora labore aut veniam consectetur.', 5, '2019-01-14 22:15:33', '2019-01-14 22:15:33'),
(88, 47, 'Abigayle Goyette PhD', 'Rem odio atque et voluptates enim. Libero soluta eos iure quaerat. Sed optio aut in laudantium aut explicabo rerum. Provident exercitationem expedita quae sunt vero.', 1, '2019-01-14 22:15:33', '2019-01-14 22:15:33'),
(89, 11, 'Courtney Huel', 'Ut iure ad qui dolores. Sed non eum sit quas eveniet laboriosam dolores. Quia aperiam rem illum velit impedit.', 3, '2019-01-14 22:15:33', '2019-01-14 22:15:33'),
(90, 19, 'Britney Hayes', 'Rerum quibusdam earum aut ut ad dolores explicabo. Voluptates qui aut rerum deserunt debitis quia assumenda ipsa. Qui quaerat a rerum sunt cumque a. Amet consequatur dolorum laudantium dolores quo.', 4, '2019-01-14 22:15:33', '2019-01-14 22:15:33'),
(91, 39, 'Abbie Rodriguez', 'Necessitatibus dolorem suscipit mollitia voluptatem deleniti perspiciatis sint. Magni id et perferendis eum sint adipisci cumque vel. Voluptatem voluptatem assumenda debitis magni temporibus incidunt.', 1, '2019-01-14 22:15:33', '2019-01-14 22:15:33'),
(92, 6, 'Ms. Crystel Franecki', 'Consectetur et est itaque ad nihil aspernatur ullam. Eligendi ut molestias et quae ad et voluptatem enim. Quasi dicta ut optio molestiae nostrum inventore. Blanditiis molestiae placeat tenetur aspernatur vitae magnam unde quia.', 2, '2019-01-14 22:15:33', '2019-01-14 22:15:33'),
(93, 19, 'Greg Prohaska', 'Quisquam inventore deserunt in aut atque quia. Maxime aliquid est doloremque dolorum.', 1, '2019-01-14 22:15:33', '2019-01-14 22:15:33'),
(94, 24, 'Hilma Schoen', 'Sed dolorem distinctio sit. Qui alias quas hic aperiam ipsa. Consectetur nesciunt porro dignissimos aut.', 4, '2019-01-14 22:15:33', '2019-01-14 22:15:33'),
(95, 13, 'Maxie Cormier', 'Eligendi cumque ut dicta. Rerum voluptatum provident quod et ut. Nemo repudiandae fuga quibusdam occaecati voluptatem. Atque inventore suscipit sint.', 2, '2019-01-14 22:15:33', '2019-01-14 22:15:33'),
(96, 19, 'Laurence Mante', 'Incidunt recusandae voluptas quia quia magnam suscipit. Velit quia sed quis aut. In aut et cumque consequatur. Architecto quis maiores voluptatibus qui enim nihil vel. Quae suscipit vitae ea error vel consequuntur at.', 2, '2019-01-14 22:15:33', '2019-01-14 22:15:33'),
(97, 31, 'Prof. Alejandra Kuvalis Jr.', 'Earum odit et repudiandae dolorem sit tempore est repudiandae. Ea reprehenderit quo aut excepturi neque quos nulla.', 2, '2019-01-14 22:15:34', '2019-01-14 22:15:34'),
(98, 7, 'Erwin Raynor', 'Et natus sed atque accusamus accusantium ut. Sed molestias voluptatibus qui hic neque sit.', 5, '2019-01-14 22:15:34', '2019-01-14 22:15:34'),
(99, 20, 'Faustino Jakubowski', 'Perspiciatis magnam quo saepe omnis doloremque. Consequatur reprehenderit ea doloribus praesentium repudiandae sint. Sunt aspernatur laudantium est qui iste similique labore ut. Tenetur eligendi animi quasi deleniti minus rerum.', 4, '2019-01-14 22:15:34', '2019-01-14 22:15:34'),
(100, 26, 'Jason Lang', 'Culpa optio voluptatum illum doloremque. Cum dolor sit cumque sunt. Porro quis voluptas est. Impedit et adipisci sapiente eius unde sed.', 4, '2019-01-14 22:15:34', '2019-01-14 22:15:34'),
(101, 7, 'Bertrand Stracke', 'Quam aperiam quaerat vero odio. Qui et quia ut dicta maxime est perferendis. Omnis sit excepturi ut quidem in. Eius sunt consectetur earum ut id.', 0, '2019-01-14 22:15:34', '2019-01-14 22:15:34'),
(102, 7, 'Miss Kallie Witting III', 'Quo libero dolorem placeat ad. Laborum ipsa consequatur magnam officiis quia quis nostrum dolores. Laudantium aut cumque hic deleniti non magni.', 1, '2019-01-14 22:15:34', '2019-01-14 22:15:34'),
(103, 37, 'Rita Kunde', 'Voluptas labore aut commodi repellendus. Ea tenetur eius odio qui dolor sunt voluptas.', 5, '2019-01-14 22:15:34', '2019-01-14 22:15:34'),
(104, 9, 'Ceasar Carroll', 'Suscipit consequuntur dicta repellat autem ea. Et officiis ut eum inventore. Magnam quisquam voluptas mollitia et atque ut. Perferendis exercitationem temporibus consequatur voluptas aliquid aut consequatur. Qui quas recusandae soluta.', 3, '2019-01-14 22:15:34', '2019-01-14 22:15:34'),
(105, 15, 'Prof. Weldon Jaskolski Jr.', 'Illo eius corrupti et minus. Odit impedit nostrum excepturi expedita dolor eum tempore. Quia nihil quo necessitatibus et quasi itaque mollitia. Voluptatem ea sed consequatur perspiciatis magnam.', 5, '2019-01-14 22:15:34', '2019-01-14 22:15:34'),
(106, 29, 'Ruth Turner', 'Praesentium alias quia nobis veniam. Non aut ab aut aliquid quia consequatur. Quisquam ratione eum ea. Facere sed quia voluptatem sequi.', 0, '2019-01-14 22:15:34', '2019-01-14 22:15:34'),
(107, 45, 'Dr. Ernesto Nikolaus III', 'Laudantium est voluptas ea aut autem est. Reprehenderit aliquam ipsa nam vel. Et architecto pariatur aut eum modi veniam qui. Sit quis expedita porro asperiores nisi provident.', 5, '2019-01-14 22:15:34', '2019-01-14 22:15:34'),
(108, 25, 'Mrs. Johanna Klein', 'Impedit sit sed inventore repellendus quam. Qui ducimus laudantium blanditiis culpa suscipit. Dolor rerum sapiente temporibus aut a quos provident.', 3, '2019-01-14 22:15:34', '2019-01-14 22:15:34'),
(109, 34, 'Marjorie Lueilwitz', 'Non eos dignissimos illo est. Voluptates quo nesciunt rerum consequatur ducimus et commodi.', 0, '2019-01-14 22:15:34', '2019-01-14 22:15:34'),
(110, 20, 'Bernita Weber', 'Laborum sint illum fugit praesentium et qui. Officiis non corporis quo dolorem eos.', 4, '2019-01-14 22:15:34', '2019-01-14 22:15:34'),
(111, 43, 'Mr. Efren Wisoky MD', 'Nisi beatae incidunt hic ut. Ut mollitia consequatur eaque repudiandae qui aut. Itaque autem tenetur ipsum consectetur nihil temporibus. Possimus eos aliquid harum.', 2, '2019-01-14 22:15:34', '2019-01-14 22:15:34'),
(112, 37, 'Waino Hoppe', 'Suscipit et dolore doloribus architecto reiciendis laudantium. Sit ad qui quam at quia ea nemo quo. Veritatis ex soluta voluptatibus voluptas doloremque dolores. Modi expedita sit quisquam quis quisquam corporis facilis.', 5, '2019-01-14 22:15:34', '2019-01-14 22:15:34'),
(113, 23, 'Glenna Cremin', 'Dolores necessitatibus blanditiis est eum aut officia. Sint quia doloribus et sint. Omnis error voluptas et nihil culpa enim pariatur nisi.', 2, '2019-01-14 22:15:34', '2019-01-14 22:15:34'),
(114, 30, 'Saul Mayer', 'Ipsam explicabo quisquam sed odit quo quo. Ea nemo aliquam odio sit esse. Nobis earum voluptatem praesentium dolor.', 1, '2019-01-14 22:15:34', '2019-01-14 22:15:34'),
(115, 45, 'Imani Jacobson', 'Quia quis voluptate nam architecto quaerat debitis consequatur. Ex vel quia aliquam officiis incidunt omnis. Nesciunt est nihil aspernatur quo illo impedit ipsam. Aut autem nostrum omnis id.', 3, '2019-01-14 22:15:34', '2019-01-14 22:15:34'),
(116, 37, 'Chadrick Reinger I', 'Nisi consequatur voluptas velit sit ipsa quis eveniet. Inventore fuga natus rerum sit repudiandae. Impedit nam nulla vitae unde cum eligendi.', 3, '2019-01-14 22:15:34', '2019-01-14 22:15:34'),
(117, 29, 'Haylie Hickle', 'Reprehenderit est aliquam ea consequuntur. Est tenetur dolore vel. Nesciunt officia voluptas ipsum voluptate et ad fugiat. Rerum et suscipit quam.', 3, '2019-01-14 22:15:34', '2019-01-14 22:15:34'),
(118, 16, 'Earnest Nikolaus', 'Animi mollitia cum est sed amet et maxime. Aspernatur quos eos sed ut. Error dignissimos ea eveniet harum.', 0, '2019-01-14 22:15:34', '2019-01-14 22:15:34'),
(119, 34, 'Ms. Eveline Tromp V', 'Non fugiat non veritatis qui voluptatem placeat aliquam expedita. Doloribus numquam dolor quo eos sed eos. Aut temporibus ratione aut odio animi alias dolores.', 3, '2019-01-14 22:15:35', '2019-01-14 22:15:35'),
(120, 37, 'Elroy Vandervort', 'Necessitatibus dolores temporibus sunt accusamus reprehenderit. Quidem et quas ipsam excepturi corporis. Nulla autem incidunt omnis dolorem consectetur fugiat.', 2, '2019-01-14 22:15:35', '2019-01-14 22:15:35'),
(121, 38, 'Telly Wilderman', 'Natus magnam quis ullam et omnis. Recusandae suscipit nemo itaque.', 5, '2019-01-14 22:15:35', '2019-01-14 22:15:35'),
(122, 37, 'Mr. Spencer Koepp', 'Nesciunt provident fugiat quia culpa rem harum. Deleniti quaerat ullam et sit repellat est aut et. Et accusantium et cum molestiae eos eaque placeat repellendus.', 4, '2019-01-14 22:15:35', '2019-01-14 22:15:35'),
(123, 22, 'Prof. Landen Stracke', 'Culpa expedita veniam delectus deserunt reiciendis possimus. Facilis et sed molestiae consectetur id. Nihil iste est ipsam maiores qui soluta. Consectetur illo autem est temporibus quia cumque placeat.', 5, '2019-01-14 22:15:35', '2019-01-14 22:15:35'),
(124, 44, 'Dr. Dean Hintz DVM', 'Ea animi enim odio in voluptates quis labore. Necessitatibus sunt temporibus aliquam consequatur eligendi voluptas animi omnis. Iste in unde vel provident totam repellat. Est ea veritatis expedita numquam excepturi.', 5, '2019-01-14 22:15:35', '2019-01-14 22:15:35'),
(125, 15, 'Josh Herzog', 'Est facere non officiis. Quis voluptas perferendis ut consequuntur aut veritatis quod maiores. Cumque temporibus est eaque ut voluptatibus. Modi voluptates qui quisquam neque sint. Recusandae harum eum quas sed.', 1, '2019-01-14 22:15:35', '2019-01-14 22:15:35'),
(126, 6, 'Leanne Johnson', 'Eum laudantium quisquam iste aperiam et. Veritatis incidunt enim ab molestias soluta fugit nemo. Molestiae sequi voluptatum libero et est omnis. Vel quia vel quod quia. Ut voluptas ea ut magnam impedit laborum.', 5, '2019-01-14 22:15:35', '2019-01-14 22:15:35'),
(127, 48, 'Laury Nikolaus', 'Beatae minima dolorum itaque aspernatur quia placeat et. Illo delectus enim nihil ullam accusantium. Magnam animi sit omnis nobis.', 3, '2019-01-14 22:15:35', '2019-01-14 22:15:35'),
(128, 34, 'Dr. Lavinia Weber', 'Eaque doloremque dignissimos non omnis impedit rerum dolor numquam. Quas blanditiis eum unde ipsam iusto libero cupiditate. Labore vitae doloribus vel tempora nesciunt aut quia blanditiis.', 4, '2019-01-14 22:15:35', '2019-01-14 22:15:35'),
(129, 7, 'Dr. Genevieve Huels Sr.', 'Dignissimos maiores quis sed veniam blanditiis itaque. Sunt animi in similique est aut.', 2, '2019-01-14 22:15:35', '2019-01-14 22:15:35'),
(130, 9, 'Ruby Prosacco', 'Delectus dolores iure labore. Optio ex aut voluptas doloremque maxime eligendi non dignissimos. Atque sit dolores accusamus non qui a.', 1, '2019-01-14 22:15:35', '2019-01-14 22:15:35'),
(131, 30, 'Prof. Anthony Friesen IV', 'Quia corporis sapiente alias odio corrupti laudantium. Incidunt commodi sint blanditiis quos nesciunt. Perspiciatis vel aliquam doloribus et accusamus qui. Alias iure repudiandae perspiciatis temporibus accusantium.', 2, '2019-01-14 22:15:35', '2019-01-14 22:15:35'),
(132, 2, 'Mr. Cristopher Schinner Sr.', 'Id totam in nobis. Architecto laborum consectetur et. Perspiciatis libero sunt ut aut. Aut quo adipisci modi consequatur vitae et.', 0, '2019-01-14 22:15:35', '2019-01-14 22:15:35'),
(133, 32, 'Prof. Devonte Leuschke', 'Id asperiores mollitia eum aut qui accusantium eveniet. Voluptas et aut qui totam. Ullam rem omnis aspernatur ea atque.', 4, '2019-01-14 22:15:35', '2019-01-14 22:15:35'),
(134, 7, 'Mr. Reginald Gutkowski', 'Enim nobis aut in est tempore. Dolores omnis inventore accusamus deleniti repellendus quaerat aut totam. Non reprehenderit quis maiores et inventore qui mollitia. Rerum molestias rem consequuntur omnis.', 5, '2019-01-14 22:15:35', '2019-01-14 22:15:35'),
(135, 43, 'Marta Hane', 'Labore deleniti officiis mollitia voluptatum occaecati dolorem voluptates. Ab exercitationem magni at voluptatem qui occaecati. Quis aut est qui ea est ab.', 3, '2019-01-14 22:15:35', '2019-01-14 22:15:35'),
(136, 30, 'Dr. Keshawn Dibbert DVM', 'Recusandae quisquam est nobis eius. Aliquid et deserunt beatae ipsa deleniti voluptatum. Omnis laboriosam autem repellat quisquam blanditiis magni sed. Rem nisi molestias tenetur blanditiis et exercitationem. Aut quam et dolorem.', 4, '2019-01-14 22:15:35', '2019-01-14 22:15:35'),
(137, 21, 'Lee Hickle', 'Vel sequi animi excepturi qui. Quos veniam eveniet maxime quod itaque. Facere sed ea ipsa.', 2, '2019-01-14 22:15:35', '2019-01-14 22:15:35'),
(138, 15, 'Lisette Cremin', 'Aut unde accusantium tempore dolore sed. Quis enim voluptas ab officia placeat omnis reiciendis inventore. Quasi velit aut magnam. Quibusdam autem voluptatem labore.', 5, '2019-01-14 22:15:35', '2019-01-14 22:15:35'),
(139, 20, 'Margot Krajcik', 'Quod maxime consequatur impedit ullam voluptatem velit omnis. Fugit aut quasi reprehenderit voluptas magni. Autem qui voluptas at quia ratione est id. Quasi qui ullam et et ab dicta.', 5, '2019-01-14 22:15:35', '2019-01-14 22:15:35'),
(140, 35, 'Mrs. Charity O\'Kon', 'Voluptatem dolor aperiam laudantium harum nihil maxime ullam nam. Quidem veritatis omnis et ea aliquid quaerat. Quo totam iste iure labore.', 1, '2019-01-14 22:15:36', '2019-01-14 22:15:36'),
(141, 3, 'Miss Elva Kessler III', 'Rerum quis dolor sint sit. Qui enim nihil voluptatem dolores inventore quo. Similique error similique praesentium perferendis.', 5, '2019-01-14 22:15:36', '2019-01-14 22:15:36'),
(142, 22, 'Gabriella Brakus', 'Asperiores repellat qui veniam. Odio aperiam illum eveniet molestiae. Excepturi et ut est voluptas vitae explicabo consequatur. A voluptatem sit et quo dolor.', 4, '2019-01-14 22:15:36', '2019-01-14 22:15:36'),
(143, 19, 'Euna Smitham', 'Rerum ullam quia voluptates qui excepturi in aut facilis. Fuga voluptates vel vero omnis et.', 0, '2019-01-14 22:15:36', '2019-01-14 22:15:36'),
(144, 8, 'Francis Lindgren', 'Quia voluptatibus qui id id qui eveniet. At molestiae sunt voluptatem ipsam libero.', 2, '2019-01-14 22:15:36', '2019-01-14 22:15:36'),
(145, 32, 'Brooks Carter', 'Dolore at aspernatur consequuntur eaque quo. Vel sunt illum ipsam illo tempora. Ea occaecati labore in et iste at et praesentium. Assumenda nihil est ipsam qui molestiae.', 3, '2019-01-14 22:15:36', '2019-01-14 22:15:36'),
(146, 46, 'Miss Catherine O\'Keefe III', 'Asperiores debitis perferendis quae voluptates ut voluptatem. Quasi voluptas ipsum consectetur quae nisi eum non omnis. Dignissimos culpa quis consequatur veritatis corrupti perferendis non.', 2, '2019-01-14 22:15:36', '2019-01-14 22:15:36'),
(147, 37, 'Prof. Aurelie Lakin Jr.', 'Eveniet dolorem eligendi eaque id saepe. Nam sint fugiat illum velit. Est sit aliquam aspernatur ex possimus ut.', 4, '2019-01-14 22:15:36', '2019-01-14 22:15:36'),
(148, 15, 'Sonia Mayer', 'Totam libero sunt ut est. Maiores aut numquam laborum aliquid voluptate eveniet. Quis officiis eaque aliquam ut inventore.', 1, '2019-01-14 22:15:36', '2019-01-14 22:15:36'),
(149, 14, 'Mr. Olen Jakubowski', 'In fugit consectetur delectus et. Et illum est dolores ut quia ipsam aperiam. Ut quisquam consequatur dolore laborum et eveniet aut. Consequatur et rerum pariatur cumque quas ad.', 5, '2019-01-14 22:15:36', '2019-01-14 22:15:36'),
(150, 14, 'Otilia Hudson', 'Itaque qui suscipit reiciendis error aliquam explicabo. Tenetur vel facere odio amet. Aut recusandae iusto quis ad non accusantium reiciendis. Eveniet tempora incidunt est quidem est.', 5, '2019-01-14 22:15:36', '2019-01-14 22:15:36'),
(151, 24, 'Jared Hamill', 'Voluptas ipsum rerum aspernatur rerum et suscipit. Impedit tenetur nihil non at autem voluptas. Expedita laboriosam sit non. Quisquam excepturi iusto qui sapiente praesentium quibusdam numquam.', 2, '2019-01-14 22:15:36', '2019-01-14 22:15:36'),
(152, 41, 'Jackson Satterfield', 'Sit tenetur placeat quibusdam non non. Recusandae temporibus aspernatur in vero necessitatibus ut quam. Optio aut sed deleniti id perferendis rerum.', 1, '2019-01-14 22:15:36', '2019-01-14 22:15:36'),
(153, 43, 'Prof. Jonathan Schmeler', 'Totam rerum temporibus eaque non sit cupiditate officiis. Blanditiis temporibus sunt non omnis aut et eum voluptas. Dolor optio consequatur qui consequatur in debitis et est.', 5, '2019-01-14 22:15:36', '2019-01-14 22:15:36'),
(154, 40, 'Mr. Jovanny Yundt', 'Sit ea dolorum corporis. Officiis quibusdam saepe magnam ipsa reiciendis autem et eveniet. Ea nihil in doloribus reiciendis quam.', 3, '2019-01-14 22:15:36', '2019-01-14 22:15:36'),
(155, 11, 'Prof. Obie Rowe II', 'Amet laborum sed magni rerum quos. Omnis eius et dolores quas saepe optio et. Esse odit in sit.', 3, '2019-01-14 22:15:36', '2019-01-14 22:15:36'),
(156, 16, 'Brenna Trantow MD', 'Nemo cum ea atque veritatis voluptate laudantium et. Dolorem natus similique voluptatum. Omnis vel corrupti repellat voluptatem ipsa aperiam.', 0, '2019-01-14 22:15:36', '2019-01-14 22:15:36'),
(157, 12, 'Claudia Konopelski', 'Et et magnam nihil mollitia. Est est quod nihil odit alias. Vel est exercitationem sed et.', 4, '2019-01-14 22:15:36', '2019-01-14 22:15:36'),
(158, 36, 'Prof. Art Stehr MD', 'Ut totam sequi sapiente qui a dolorem eveniet. Provident minima omnis itaque iusto vel voluptatem. In laudantium nulla voluptates quaerat tempore. Veniam dolor natus aut debitis earum.', 2, '2019-01-14 22:15:37', '2019-01-14 22:15:37'),
(159, 36, 'Ms. Ilene Osinski DVM', 'Sed consequatur distinctio nam accusamus incidunt enim veritatis. Sit beatae aut in. Sed ut aut quas illo.', 3, '2019-01-14 22:15:37', '2019-01-14 22:15:37'),
(160, 19, 'Miss Annette Reichert', 'Exercitationem corrupti fugit ratione laboriosam. Et distinctio voluptates provident tenetur. Exercitationem dicta non omnis voluptates. Quo tenetur est ullam voluptas.', 2, '2019-01-14 22:15:37', '2019-01-14 22:15:37'),
(161, 37, 'Arnaldo Ward DVM', 'Ut accusamus qui non eos esse accusantium. Harum sit cupiditate et. Explicabo laudantium hic molestias rem quos.', 0, '2019-01-14 22:15:37', '2019-01-14 22:15:37'),
(162, 44, 'Betsy Schultz', 'Laboriosam qui quis quaerat. Pariatur quis libero quo et. Molestiae doloremque magni non corrupti aspernatur dolore.', 1, '2019-01-14 22:15:37', '2019-01-14 22:15:37'),
(163, 26, 'Rachelle Jaskolski', 'Vitae eaque accusamus eum. Quia asperiores pariatur quae sit. Fuga quae cum libero quisquam est deleniti. Quasi doloribus aspernatur id distinctio aut nihil pariatur.', 0, '2019-01-14 22:15:37', '2019-01-14 22:15:37'),
(164, 13, 'Vella Lindgren DDS', 'Tempora mollitia repudiandae est voluptas officia voluptatem. Molestiae atque omnis aut dolor sapiente nihil voluptatem. Impedit doloribus sed est. Sint nemo ipsa est.', 0, '2019-01-14 22:15:37', '2019-01-14 22:15:37'),
(165, 41, 'Brice Abshire', 'Neque in necessitatibus omnis inventore distinctio veniam ut. Inventore recusandae molestiae et illum soluta error et. Reprehenderit sed tenetur ut quia corporis qui odio.', 3, '2019-01-14 22:15:37', '2019-01-14 22:15:37'),
(166, 14, 'Dr. Myrtie Dicki III', 'Sit dignissimos hic consequatur sapiente. Delectus dolorem est quo. Velit dolor ullam ex velit rerum aspernatur rerum at. Est vitae voluptates molestiae deleniti est.', 0, '2019-01-14 22:15:37', '2019-01-14 22:15:37'),
(167, 19, 'Prof. Dominique Lakin IV', 'Qui omnis dolores quisquam. Quis enim amet doloremque. Quo asperiores aliquam ratione aut temporibus rem.', 1, '2019-01-14 22:15:37', '2019-01-14 22:15:37'),
(168, 21, 'Finn Moore II', 'Et nobis veniam adipisci accusantium iure. Aperiam delectus eveniet eius ad.', 1, '2019-01-14 22:15:37', '2019-01-14 22:15:37'),
(169, 34, 'Tessie Harber', 'Facilis adipisci aut sequi reiciendis aut. Modi aut qui voluptas dolorum laudantium. Fuga ut omnis et molestiae facere. Aut quas et officiis soluta reiciendis adipisci ab. Commodi eum exercitationem doloribus consequatur.', 5, '2019-01-14 22:15:37', '2019-01-14 22:15:37'),
(170, 44, 'Westley Koelpin', 'At at sit eum dolores minus. Aut inventore occaecati laborum eos. Dolorem eum eos atque ipsam deserunt omnis. Vero ad officiis sint non ipsam.', 5, '2019-01-14 22:15:37', '2019-01-14 22:15:37'),
(171, 13, 'Amaya Tremblay', 'Est harum debitis magni debitis iure fugiat. Fuga provident accusamus harum ut id. Et consequatur aut non omnis ipsa tempora. Provident iusto dignissimos laboriosam officia aut veniam consequatur.', 1, '2019-01-14 22:15:37', '2019-01-14 22:15:37'),
(172, 15, 'Mr. Jaleel Ortiz', 'Qui nostrum odio deserunt maiores ea ab cupiditate doloribus. Consequatur blanditiis aut eos vel. Nostrum laudantium temporibus quod quasi dolores minus tenetur.', 4, '2019-01-14 22:15:37', '2019-01-14 22:15:37'),
(173, 36, 'Shanelle Treutel', 'Repellat perspiciatis et repudiandae est cumque. Amet et laboriosam voluptatem in sit. Enim illum soluta rerum doloribus est.', 4, '2019-01-14 22:15:37', '2019-01-14 22:15:37'),
(174, 39, 'Prof. Isabelle Wolff Jr.', 'Illo omnis illum impedit excepturi. In ratione ut vel fugit dolor non nemo. Cumque nihil quia pariatur distinctio consequatur quis.', 2, '2019-01-14 22:15:37', '2019-01-14 22:15:37'),
(175, 40, 'Mellie Ferry', 'Est porro asperiores soluta odio reiciendis repudiandae ipsum. Alias sed facere fugit. Necessitatibus sunt officia in non ex consequatur corrupti temporibus.', 3, '2019-01-14 22:15:37', '2019-01-14 22:15:37'),
(176, 37, 'Mr. Hoyt Smith PhD', 'Corrupti vero expedita qui consequatur. Qui sit occaecati occaecati voluptatem facere eos. Dicta vero repellendus ratione ducimus. Exercitationem molestias tempore et ad. Distinctio veniam et recusandae ut in.', 0, '2019-01-14 22:15:37', '2019-01-14 22:15:37'),
(177, 20, 'Stan Rath', 'Error id ut dolores consequatur. Molestiae libero vero et beatae. Error sint animi provident blanditiis. Possimus ullam omnis consequatur aperiam sit accusantium.', 3, '2019-01-14 22:15:37', '2019-01-14 22:15:37'),
(178, 4, 'Joanny Dare', 'Sed ut accusamus et aut ut. Voluptatem aliquid dolores ad est. Ut quaerat similique atque et dolor. Et est voluptates consequatur nobis.', 5, '2019-01-14 22:15:37', '2019-01-14 22:15:37'),
(179, 4, 'Martina Daniel Sr.', 'Est ipsum aliquam consequuntur autem est. Aut voluptatibus sed maxime fugiat. Quas temporibus repellendus neque fugiat qui earum. Illum impedit ducimus voluptas saepe.', 1, '2019-01-14 22:15:38', '2019-01-14 22:15:38'),
(180, 15, 'Ned Nicolas', 'Cum ullam nesciunt vero quas aut molestiae et non. Voluptates aut voluptatem laudantium et quia sit. Harum alias quia odit.', 4, '2019-01-14 22:15:38', '2019-01-14 22:15:38'),
(181, 2, 'Bertha Crona MD', 'Enim laborum consequuntur consequatur accusamus et. Et culpa blanditiis velit nostrum quae. Eum perspiciatis quia omnis. Quaerat optio molestias dolor harum non eos rem.', 0, '2019-01-14 22:15:38', '2019-01-14 22:15:38'),
(182, 41, 'Camylle Jacobson', 'Maxime nulla ex ratione. Quo sapiente voluptatem velit saepe omnis. Accusamus fugit corrupti accusantium. Ut dolorum ipsa est quae animi voluptatem quo.', 5, '2019-01-14 22:15:38', '2019-01-14 22:15:38'),
(183, 36, 'Joesph Bechtelar', 'Non enim non quod nam dolores. Nulla sit nam voluptatum ut minus. Excepturi dolorem et et eum.', 3, '2019-01-14 22:15:38', '2019-01-14 22:15:38'),
(184, 10, 'Milan Grimes', 'Magni non quis iste inventore et aut dolorem occaecati. Officia est pariatur qui accusantium rem quam reiciendis maiores. Dolorum sunt temporibus rerum ipsa nostrum nobis dolor officia. Nemo hic in perspiciatis veritatis itaque vero.', 3, '2019-01-14 22:15:38', '2019-01-14 22:15:38'),
(185, 36, 'London Jast', 'Illo occaecati autem illo voluptates. Ut sint nam laboriosam architecto rem inventore.', 5, '2019-01-14 22:15:38', '2019-01-14 22:15:38'),
(186, 9, 'Ashley Rutherford', 'Ut sunt voluptate officiis voluptas. Velit praesentium voluptatem magnam neque. Voluptas eum totam dicta enim architecto. Temporibus accusantium sit similique. In vel et quod ad rerum doloribus.', 1, '2019-01-14 22:15:38', '2019-01-14 22:15:38'),
(187, 6, 'Prof. Lela Altenwerth Jr.', 'Quibusdam aut impedit ipsam quia. Deleniti explicabo labore molestiae vitae dicta laborum sit sed. Eligendi iusto voluptatibus sapiente aut ut.', 3, '2019-01-14 22:15:38', '2019-01-14 22:15:38'),
(188, 23, 'Prof. Randall Cartwright PhD', 'Amet voluptatibus earum dolore quisquam. Quisquam earum veritatis repellat maiores. Quis autem nesciunt dignissimos exercitationem.', 4, '2019-01-14 22:15:38', '2019-01-14 22:15:38'),
(189, 14, 'Lexie Runolfsdottir', 'Enim consequuntur enim id perferendis sint itaque quos. Temporibus tenetur ea temporibus ut minus. Quo inventore qui cum ea facilis nesciunt nihil. Fugit vel quis non ut tempore recusandae asperiores.', 1, '2019-01-14 22:15:38', '2019-01-14 22:15:38'),
(190, 40, 'Dr. Clint Crona', 'Velit vitae repudiandae maiores quis dolorem. Quia sunt explicabo voluptatem adipisci voluptas eum. Magni iusto doloremque asperiores aperiam odio fugiat iure. Illum commodi qui repudiandae voluptates quo rerum. Magni ut facere molestias exercitationem neque.', 5, '2019-01-14 22:15:38', '2019-01-14 22:15:38'),
(191, 6, 'Raheem Smitham', 'Omnis omnis molestiae aut cum. Dolorem deleniti sed eaque sed porro molestiae. Quisquam corporis natus esse velit. Natus aperiam voluptatem culpa et iusto iste dolores.', 1, '2019-01-14 22:15:38', '2019-01-14 22:15:38'),
(192, 9, 'Dr. Tamia Jones', 'Quae voluptatibus unde est at laborum reprehenderit nesciunt. Est aut natus asperiores esse quas unde vitae. Sint quia inventore aliquam quia dolore. Eligendi culpa quia id et.', 3, '2019-01-14 22:15:38', '2019-01-14 22:15:38'),
(193, 39, 'Madyson Feil', 'Soluta quasi aut porro perspiciatis qui. Quae iusto accusamus occaecati voluptatem. Inventore et perspiciatis iure ea et consequatur. A voluptatibus quo voluptate id laboriosam et.', 1, '2019-01-14 22:15:38', '2019-01-14 22:15:38'),
(194, 36, 'Prof. Virgil Goyette DVM', 'Et deleniti ut nesciunt aperiam voluptatem tempora ducimus. Qui et numquam at voluptatum. Eum ab quisquam et accusamus dolor soluta voluptatibus.', 0, '2019-01-14 22:15:38', '2019-01-14 22:15:38'),
(195, 14, 'Harmony Cruickshank III', 'Aut qui perferendis ducimus id ea nesciunt. Repudiandae delectus minima mollitia quod. Laborum officia nam omnis inventore quos. Sit suscipit non dolorem modi similique occaecati.', 4, '2019-01-14 22:15:38', '2019-01-14 22:15:38'),
(196, 11, 'Charlene Beier', 'Recusandae quia quis autem velit officiis. Adipisci explicabo quisquam perferendis dolores rerum natus sed. Molestias omnis voluptas velit minus reiciendis quibusdam.', 3, '2019-01-14 22:15:38', '2019-01-14 22:15:38'),
(197, 32, 'Gerry Robel', 'Sequi nisi eum non reiciendis exercitationem a rerum quia. Ab et sint quis enim eligendi.', 1, '2019-01-14 22:15:39', '2019-01-14 22:15:39'),
(198, 28, 'Van Franecki', 'Expedita id quis omnis ab voluptatem. Et aspernatur laboriosam eligendi aut voluptas voluptatum ipsa. Perferendis quas deleniti recusandae in.', 5, '2019-01-14 22:15:39', '2019-01-14 22:15:39'),
(199, 25, 'Blaise Nikolaus', 'Culpa sed error a fugiat tenetur repellendus est. Perspiciatis est quos doloribus. Temporibus distinctio quo omnis facere ut molestias dolore autem.', 4, '2019-01-14 22:15:39', '2019-01-14 22:15:39'),
(200, 14, 'Mrs. Billie Dooley', 'Ea quam aut ratione aut a ex. Nostrum delectus minima rerum perspiciatis. Cupiditate porro aut non cumque sed. Dolorem minima voluptates beatae voluptate.', 4, '2019-01-14 22:15:39', '2019-01-14 22:15:39'),
(201, 23, 'Birdie Smitham', 'Et ullam et architecto veritatis incidunt ex et ut. Praesentium et reiciendis quia consequuntur sed labore id. Cumque ex iste quia.', 4, '2019-01-14 22:15:39', '2019-01-14 22:15:39'),
(202, 3, 'Roxanne Kassulke', 'Consequuntur exercitationem cupiditate suscipit ut consequatur optio. Sit occaecati est tenetur ut iusto quia omnis cum. Ea at fugit qui nostrum et.', 0, '2019-01-14 22:15:39', '2019-01-14 22:15:39'),
(203, 20, 'Dr. Leon Howe', 'Repellendus iste aut sint sit nihil et ut. Beatae id neque et sed illum perferendis. Minus aliquam est quia consequuntur nisi veritatis rem similique. Odit voluptatem est est quod. Sint explicabo nihil totam aut rerum consequuntur itaque.', 1, '2019-01-14 22:15:39', '2019-01-14 22:15:39'),
(204, 25, 'Prof. Abdul Grady', 'Sunt laboriosam exercitationem atque commodi ut nisi eius corrupti. Nulla dolores eos esse consequatur qui numquam eligendi architecto. Laboriosam nam molestiae molestiae temporibus.', 1, '2019-01-14 22:15:39', '2019-01-14 22:15:39'),
(205, 14, 'Prof. Ricardo Barrows', 'Aut earum sint expedita repellendus. Aliquam itaque similique maiores distinctio est sequi mollitia et.', 2, '2019-01-14 22:15:39', '2019-01-14 22:15:39'),
(206, 31, 'Prof. Ariel Blanda III', 'Qui aut maxime commodi in sit quod. Placeat cum non et. Necessitatibus vel dolorem harum animi.', 3, '2019-01-14 22:15:39', '2019-01-14 22:15:39'),
(207, 50, 'Ms. Laila Sanford MD', 'Temporibus cupiditate sed optio. Et excepturi odio est et error doloribus. Sequi consequatur dolores unde in nostrum ullam. Omnis blanditiis dolor aut necessitatibus.', 1, '2019-01-14 22:15:39', '2019-01-14 22:15:39'),
(208, 19, 'Prof. Rhett Donnelly', 'Facere ea non quia nemo. Id reiciendis dolorem incidunt id. Maxime molestias id perspiciatis in.', 2, '2019-01-14 22:15:39', '2019-01-14 22:15:39'),
(209, 44, 'Keven Ritchie I', 'Aperiam sint omnis dolores enim accusantium totam. Eum deserunt minima amet in. Explicabo sint natus illo nam excepturi voluptates sequi.', 5, '2019-01-14 22:15:39', '2019-01-14 22:15:39'),
(210, 31, 'Mr. Hunter Baumbach', 'Accusantium enim aut facilis et sint quo numquam. Ut praesentium error minus sit aut animi explicabo. Sed quia reiciendis alias qui hic illum aspernatur.', 4, '2019-01-14 22:15:39', '2019-01-14 22:15:39'),
(211, 13, 'Thora Haley', 'Placeat atque reprehenderit assumenda et ratione. Beatae debitis minima et. Quia repudiandae neque id.', 1, '2019-01-14 22:15:39', '2019-01-14 22:15:39'),
(212, 49, 'Hallie Mueller', 'Saepe non laudantium et ipsa molestiae. Quia impedit enim cum velit quia. Debitis unde iure excepturi. Et explicabo eos vitae facere.', 3, '2019-01-14 22:15:39', '2019-01-14 22:15:39'),
(213, 20, 'Miss Eugenia Thiel DVM', 'Debitis ab necessitatibus eum quibusdam molestias et omnis dolorem. Molestias sequi ut ut praesentium dolorum dolor.', 0, '2019-01-14 22:15:39', '2019-01-14 22:15:39');
INSERT INTO `reviews` (`id`, `product_id`, `customer`, `review`, `star`, `created_at`, `updated_at`) VALUES
(214, 8, 'Sonny Jacobson', 'Ipsa in ad soluta dolorem ad excepturi consectetur. Id pariatur voluptatem aut labore. Ut quaerat dolorum perferendis porro eveniet laudantium voluptatem.', 1, '2019-01-14 22:15:39', '2019-01-14 22:15:39'),
(215, 17, 'Dr. Garfield Bahringer IV', 'Voluptatem voluptatem cupiditate quaerat nobis vel harum ut. Provident sed quia quibusdam ut ab quod illo. Consectetur eveniet debitis quod magnam rerum excepturi voluptatibus officia. Expedita voluptatum ipsum maxime porro sed omnis.', 3, '2019-01-14 22:15:39', '2019-01-14 22:15:39'),
(216, 34, 'Rebekah Kris Jr.', 'Minima laudantium voluptas enim accusantium commodi tempora. Sed vitae id vero sapiente temporibus nemo et nostrum. Excepturi quidem placeat quos ad voluptatem et.', 0, '2019-01-14 22:15:39', '2019-01-14 22:15:39'),
(217, 37, 'Dr. Marianna Rau V', 'Saepe est eos quisquam a. Quos in eum totam eum repudiandae ipsum. Commodi et iusto in esse. Eveniet nam eaque sunt est nihil ea repellendus.', 5, '2019-01-14 22:15:40', '2019-01-14 22:15:40'),
(218, 5, 'Rebekah Little', 'Harum sit totam autem libero vel. Distinctio ducimus numquam qui excepturi sequi dolorum voluptas quod. Repellendus magnam harum impedit. Animi nulla non quaerat dolorum ipsam vel dolorem.', 1, '2019-01-14 22:15:40', '2019-01-14 22:15:40'),
(219, 29, 'Miss Rosa Bogisich DVM', 'Eum totam doloremque aut autem et possimus. Sunt aut alias est corporis vero. Quia voluptas nihil consequatur quis sed.', 3, '2019-01-14 22:15:40', '2019-01-14 22:15:40'),
(220, 25, 'Pauline Toy', 'Dolor necessitatibus quia rerum dolorum repellendus id. Omnis vel consequatur quasi qui consectetur deserunt. Necessitatibus explicabo tenetur fugit pariatur.', 5, '2019-01-14 22:15:40', '2019-01-14 22:15:40'),
(221, 32, 'Britney Mann PhD', 'Sit culpa illum ut natus. Quasi qui vel et debitis tempora. Eos ea omnis aperiam ad qui nihil. Distinctio hic sint saepe voluptate harum velit. Et omnis ullam ea sapiente cum consectetur placeat.', 5, '2019-01-14 22:15:40', '2019-01-14 22:15:40'),
(222, 2, 'Ms. Destiny Fritsch DVM', 'Quia voluptas enim tenetur voluptate. Expedita possimus quia magnam et eligendi laboriosam voluptatem. In animi asperiores in recusandae vitae. Et doloribus asperiores voluptas exercitationem facere maiores non unde.', 4, '2019-01-14 22:15:40', '2019-01-14 22:15:40'),
(223, 1, 'Mathilde Bechtelar', 'Aut repellat aut alias laborum dolorum. Qui quae sed ut esse dolorem nulla. Ipsa et repudiandae animi laboriosam eligendi.', 1, '2019-01-14 22:15:40', '2019-01-14 22:15:40'),
(224, 8, 'Jakayla Cartwright III', 'Iusto veniam harum veniam saepe amet dolor. Eveniet beatae alias nesciunt debitis ad quia atque.', 3, '2019-01-14 22:15:40', '2019-01-14 22:15:40'),
(225, 38, 'Estefania Collier DVM', 'Perferendis non voluptatem est ad occaecati. Ut dolore harum ut vitae sunt. Sint labore perspiciatis accusamus voluptas maiores ratione. Autem animi soluta accusantium quas molestiae aut doloribus.', 1, '2019-01-14 22:15:40', '2019-01-14 22:15:40'),
(226, 22, 'Lauren Leuschke I', 'Corporis animi voluptatem velit sequi qui est. Velit et enim nulla maxime eius est et. Ut temporibus sed culpa tenetur non.', 2, '2019-01-14 22:15:40', '2019-01-14 22:15:40'),
(227, 29, 'Dr. Nicolas Cummings III', 'Reiciendis eum ea voluptatem vel. Quia maxime sit sed corrupti ex occaecati. Nihil et cum recusandae est.', 2, '2019-01-14 22:15:40', '2019-01-14 22:15:40'),
(228, 39, 'Mariah Schamberger', 'Ea assumenda hic culpa molestiae necessitatibus similique. Provident et nihil nulla iusto quas itaque est distinctio. Consequatur veniam ratione nisi perspiciatis alias sint. Enim qui dolorem neque eius nihil quibusdam.', 0, '2019-01-14 22:15:40', '2019-01-14 22:15:40'),
(229, 13, 'Ms. Earnestine Fahey II', 'Recusandae harum nostrum nemo rerum tenetur. Vel sed dicta quia velit earum corrupti. Iste voluptatem consequatur amet hic delectus. Eius sed quisquam voluptate et voluptas sit quo.', 3, '2019-01-14 22:15:40', '2019-01-14 22:15:40'),
(230, 20, 'Ms. Adelle Hagenes DVM', 'Consequatur est nemo accusantium quidem incidunt eligendi. Optio explicabo dolorum a aut. Sed aut quisquam magni possimus corporis. Itaque sit labore ut aut consequuntur dignissimos.', 1, '2019-01-14 22:15:40', '2019-01-14 22:15:40'),
(231, 42, 'Giovanny Blick', 'Dolor illo sit eos qui omnis rerum. Qui facilis dolorem dolorem eius eaque. Quo et quaerat dolorum. Deserunt quod et sunt doloribus minima.', 5, '2019-01-14 22:15:40', '2019-01-14 22:15:40'),
(232, 48, 'Queenie Anderson', 'In et voluptate ratione occaecati itaque assumenda et. Voluptatem magni et ipsum accusamus possimus asperiores minus. Placeat iusto temporibus amet id voluptatum quibusdam. Porro qui iste nulla atque nulla atque.', 5, '2019-01-14 22:15:40', '2019-01-14 22:15:40'),
(233, 24, 'Ida O\'Reilly IV', 'Rerum asperiores aspernatur et quas est corrupti. Est facere quibusdam et et recusandae. Laudantium nam quis veritatis eius delectus saepe. Et ut velit in nisi.', 1, '2019-01-14 22:15:40', '2019-01-14 22:15:40'),
(234, 24, 'Melissa Osinski', 'In fuga necessitatibus nihil magni et ut fugiat pariatur. Dolorem eos quo dolor porro. Necessitatibus rerum dignissimos qui eligendi ex dolor atque. Tempora expedita ut voluptates possimus culpa velit impedit sint. Iusto et aspernatur magnam aut aut.', 0, '2019-01-14 22:15:40', '2019-01-14 22:15:40'),
(235, 49, 'Florida Bartoletti', 'Et mollitia dolores autem. Quas facere quibusdam sed incidunt. Quaerat non maiores est iste ratione. Repellat veritatis ex corporis quo.', 4, '2019-01-14 22:15:40', '2019-01-14 22:15:40'),
(236, 24, 'Anahi Bernier', 'Deserunt in porro accusamus omnis. Et velit sit quia commodi quod qui incidunt inventore. Autem consequuntur est natus vero dolorum perspiciatis ut. Vero mollitia aliquam similique aspernatur.', 4, '2019-01-14 22:15:41', '2019-01-14 22:15:41'),
(237, 34, 'Dr. Madilyn Hills', 'Laboriosam dolor eos repellat ut ea quae. Veniam aut dignissimos in. Et vero laudantium voluptas facilis animi molestiae.', 5, '2019-01-14 22:15:41', '2019-01-14 22:15:41'),
(238, 42, 'Clementina Jacobson', 'Ut veritatis qui nobis in et. Exercitationem natus harum autem aliquam dignissimos. Esse aut corporis est qui vitae autem. Officiis voluptate vitae nihil porro autem ad.', 4, '2019-01-14 22:15:41', '2019-01-14 22:15:41'),
(239, 30, 'Lauretta Herman', 'Consequuntur aut fugit ut vel optio magni. Natus nemo sint labore harum omnis. Culpa modi est eligendi porro.', 2, '2019-01-14 22:15:41', '2019-01-14 22:15:41'),
(240, 41, 'Wayne Pfeffer', 'Beatae et id ut ea. Quia nemo molestiae quos quis laudantium quas qui.', 1, '2019-01-14 22:15:41', '2019-01-14 22:15:41'),
(241, 38, 'Miller Kreiger', 'Labore ab iure numquam ullam labore asperiores eum nesciunt. Sapiente mollitia reprehenderit ut similique qui et. Consequatur maxime facilis expedita quo.', 5, '2019-01-14 22:15:41', '2019-01-14 22:15:41'),
(242, 36, 'Tracey Dare Jr.', 'Voluptates sed dolore quia commodi. Consequatur velit sed voluptate est sit est possimus. Consequatur nam ut deserunt voluptas cum consectetur et deleniti. Autem aut iusto quod et magnam.', 5, '2019-01-14 22:15:41', '2019-01-14 22:15:41'),
(243, 4, 'Hillary Prosacco PhD', 'Soluta sed ut qui. Animi rerum distinctio voluptatem omnis autem rerum. Optio itaque repellendus cumque inventore tempora quis ut.', 3, '2019-01-14 22:15:41', '2019-01-14 22:15:41'),
(244, 32, 'Mrs. Alison Labadie', 'Cum ducimus similique non harum qui praesentium et atque. Ut incidunt explicabo ut non. Autem mollitia voluptatem voluptas aut voluptatibus.', 0, '2019-01-14 22:15:41', '2019-01-14 22:15:41'),
(245, 46, 'Stephan Goodwin', 'Dolores ad sunt accusantium illo repellendus. Voluptatum in et aut sunt quibusdam sit expedita. Velit numquam debitis illum quae. Et nobis deserunt non aperiam qui.', 4, '2019-01-14 22:15:41', '2019-01-14 22:15:41'),
(246, 19, 'Stefanie Hand', 'Unde consequuntur magni reprehenderit numquam similique et doloremque. Commodi odio nihil omnis quo maiores. Officiis maxime laborum corrupti voluptatem.', 0, '2019-01-14 22:15:41', '2019-01-14 22:15:41'),
(247, 1, 'Sincere Langosh', 'Magni voluptatem atque recusandae. Voluptatem sed porro voluptatem facilis laboriosam dignissimos quisquam. Eos voluptatem omnis repudiandae sint. Vero doloribus in quae eaque eum suscipit.', 3, '2019-01-14 22:15:41', '2019-01-14 22:15:41'),
(248, 32, 'Prof. Maria O\'Kon', 'Perspiciatis quasi adipisci odit. Eveniet fugit excepturi voluptatem tenetur sequi rem quo. Omnis voluptas atque aspernatur id. Quasi nulla et accusamus sint ut.', 0, '2019-01-14 22:15:41', '2019-01-14 22:15:41'),
(249, 30, 'Giovanny Sauer', 'Aut voluptatibus ea mollitia rerum laboriosam et quam. Ipsam asperiores incidunt sit provident. Aut debitis dolore sapiente inventore sapiente eligendi cupiditate. Neque vel magni eius. Quia enim sed eos aut autem.', 2, '2019-01-14 22:15:41', '2019-01-14 22:15:41'),
(250, 27, 'Willard Weissnat', 'Tempore reiciendis ipsum aut aliquid error assumenda reprehenderit. Velit sit ducimus dolore mollitia. In omnis suscipit aut autem omnis unde.', 5, '2019-01-14 22:15:41', '2019-01-14 22:15:41'),
(251, 15, 'Shania Dach', 'Facilis molestiae enim libero a sunt. Accusantium eveniet numquam recusandae aliquid porro voluptas ut est. Dolores consequatur non quasi quo. Odio quidem voluptas eaque occaecati blanditiis modi odio. Aut fuga aut quas sed unde ducimus qui omnis.', 0, '2019-01-14 22:15:41', '2019-01-14 22:15:41'),
(252, 43, 'Sigurd Turner', 'Magni harum accusamus quia est aliquid accusamus non sint. Reprehenderit fuga sint dolores iste. Et ut autem ut accusantium id. Ea aut aut quia dignissimos amet enim.', 2, '2019-01-14 22:15:42', '2019-01-14 22:15:42'),
(253, 17, 'Ocie Wiegand', 'Nihil repellendus assumenda placeat sunt repudiandae. Alias tempora perspiciatis et quibusdam quo sed. Nam et et asperiores molestias.', 5, '2019-01-14 22:15:42', '2019-01-14 22:15:42'),
(254, 8, 'Anabel Kunze', 'Aut id ipsam ullam eaque illum. Consectetur voluptatibus quo iure praesentium. Quas adipisci qui dolorum minima corporis et vel deleniti. Ad odit ut qui necessitatibus voluptas maxime dolores. Repellendus est commodi omnis sunt hic dolores perspiciatis.', 0, '2019-01-14 22:15:42', '2019-01-14 22:15:42'),
(255, 37, 'Jaren Ritchie', 'Debitis repellat ipsum est ut porro. Aut qui error hic. Maxime natus sint dolorum odio in numquam. Eum fugiat quia amet doloremque asperiores.', 2, '2019-01-14 22:15:42', '2019-01-14 22:15:42'),
(256, 7, 'Jay Baumbach', 'Modi facilis dolores natus inventore doloribus unde. Autem pariatur qui nam officiis et quasi cupiditate eius. Sunt nihil vel culpa est sequi. Ut aut temporibus repudiandae eum architecto quae omnis.', 2, '2019-01-14 22:15:42', '2019-01-14 22:15:42'),
(257, 1, 'Ms. Dessie Denesik', 'Rerum voluptate adipisci necessitatibus ad molestias. Repellat laborum possimus voluptatem est quidem quo. Qui est inventore sequi id natus.', 3, '2019-01-14 22:15:42', '2019-01-14 22:15:42'),
(258, 9, 'Deonte Koelpin', 'Fuga delectus vel voluptatem aspernatur enim cumque. Itaque rem laboriosam sunt ab fugiat nihil vero. Blanditiis fugit numquam voluptas tempora quis consectetur qui.', 4, '2019-01-14 22:15:42', '2019-01-14 22:15:42'),
(259, 33, 'Dovie Blanda', 'Aut est harum eveniet nihil et vel hic. Magni id ipsa ut doloremque occaecati ut quasi. Assumenda dolor id quibusdam velit. Officiis laborum ipsa dolorum accusantium aliquid porro. Debitis deserunt laudantium ducimus repellat.', 5, '2019-01-14 22:15:42', '2019-01-14 22:15:42'),
(260, 2, 'Kari Ward DVM', 'Adipisci et aut dolores dolore autem consequuntur exercitationem. Dicta voluptate provident est omnis quaerat. Et velit rerum sint totam adipisci.', 0, '2019-01-14 22:15:42', '2019-01-14 22:15:42'),
(261, 15, 'Dr. Eugene Beahan DDS', 'Sint enim dolor ut. Eveniet est molestiae amet magni sunt ducimus. Accusantium perferendis ipsum et aut et.', 0, '2019-01-14 22:15:42', '2019-01-14 22:15:42'),
(262, 49, 'Alanis Sipes', 'At voluptates nihil et enim sapiente unde tempora. Earum qui sed similique voluptatem nisi. Ea totam fugiat rerum. Et asperiores nostrum debitis et.', 1, '2019-01-14 22:15:42', '2019-01-14 22:15:42'),
(263, 38, 'Silas Leuschke', 'Consequatur eligendi dolor totam eum aut. Reiciendis sint velit molestias culpa quo dolore deleniti. Eos provident est distinctio esse fugit deserunt.', 1, '2019-01-14 22:15:42', '2019-01-14 22:15:42'),
(264, 24, 'Jonas Stracke Jr.', 'Adipisci id expedita ut qui distinctio itaque. A ut exercitationem quia necessitatibus deleniti. Repudiandae qui quia velit et. Maxime inventore eveniet et ut a sint.', 3, '2019-01-14 22:15:42', '2019-01-14 22:15:42'),
(265, 1, 'Arne Beer', 'Itaque excepturi quo omnis quia molestiae vel assumenda. Aut nobis quidem architecto repudiandae quam. Consequuntur occaecati sed placeat nulla ut.', 3, '2019-01-14 22:15:42', '2019-01-14 22:15:42'),
(266, 38, 'Wilton Harvey', 'Quia similique sit tempora in enim impedit. Iure illo autem modi impedit soluta. Asperiores quisquam illo sapiente est omnis.', 4, '2019-01-14 22:15:42', '2019-01-14 22:15:42'),
(267, 42, 'Modesta Von IV', 'Nemo quasi voluptates voluptatem ut quam ex non quis. Laudantium temporibus eum nobis veniam. Omnis dolorum corporis magni.', 1, '2019-01-14 22:15:42', '2019-01-14 22:15:42'),
(268, 21, 'Keshawn Russel', 'Voluptates nesciunt dignissimos quis voluptates. Quia officia quae voluptates et laborum nostrum quasi. Nam aut libero harum.', 1, '2019-01-14 22:15:42', '2019-01-14 22:15:42'),
(269, 32, 'Hildegard Roob', 'Sed nulla nulla nisi reprehenderit. Accusamus ipsum nostrum maxime deserunt. Explicabo eos qui optio ea necessitatibus autem. Perferendis rem sint aut magnam.', 4, '2019-01-14 22:15:42', '2019-01-14 22:15:42'),
(270, 40, 'Lane Glover III', 'Aut quae quae deleniti qui facere soluta voluptas cum. Explicabo hic provident iure porro odio qui ipsa. Modi vel in ea id distinctio numquam exercitationem. Nihil minima quo consequatur impedit sed et rerum corporis.', 4, '2019-01-14 22:15:43', '2019-01-14 22:15:43'),
(271, 38, 'Ward Weimann', 'Voluptate odit amet iure quasi. Aperiam mollitia sint laudantium sequi nobis et beatae. Deleniti quo sit nisi consequatur sed eveniet.', 5, '2019-01-14 22:15:43', '2019-01-14 22:15:43'),
(272, 2, 'Darrel Murazik', 'Dolore quia hic veritatis quia. Atque enim architecto assumenda reiciendis rem molestias itaque. Quisquam sit est et quis quod non. Voluptas saepe ut hic.', 1, '2019-01-14 22:15:43', '2019-01-14 22:15:43'),
(273, 16, 'Eddie Baumbach', 'Illum earum ullam recusandae explicabo tempore esse. Aut dignissimos ut id error quos. Eius esse aut aut at omnis iure ut. Qui veritatis ut ducimus voluptates.', 5, '2019-01-14 22:15:43', '2019-01-14 22:15:43'),
(274, 1, 'Olga Labadie MD', 'Maiores distinctio voluptatem illum neque amet vel. Sed veniam molestiae omnis qui autem non necessitatibus et. Non soluta aut ut facere.', 1, '2019-01-14 22:15:43', '2019-01-14 22:15:43'),
(275, 48, 'Marshall Rice III', 'Dignissimos sunt atque minima rerum perspiciatis. Explicabo est excepturi odit ut. Aperiam facilis dolor soluta omnis. Quidem est molestiae dolore sed. Debitis qui mollitia harum soluta quidem.', 1, '2019-01-14 22:15:43', '2019-01-14 22:15:43'),
(276, 22, 'Tierra Hagenes Jr.', 'Sed dolore neque facere est non hic. Officia molestiae commodi nobis officiis. Mollitia quibusdam id minima voluptate voluptatibus.', 0, '2019-01-14 22:15:43', '2019-01-14 22:15:43'),
(277, 28, 'Cristal Hills', 'Ut ratione iusto aut fuga in debitis qui voluptas. Animi modi laboriosam sint saepe. Assumenda consectetur quis aut tenetur suscipit quidem quo.', 4, '2019-01-14 22:15:43', '2019-01-14 22:15:43'),
(278, 28, 'Prof. Nyasia Bayer', 'Maxime illo sunt quia qui. Exercitationem consectetur necessitatibus quibusdam molestias tempora voluptas. Itaque ullam quidem consequatur autem ut. Alias officia mollitia est earum nihil ea rem.', 4, '2019-01-14 22:15:43', '2019-01-14 22:15:43'),
(279, 22, 'Mr. Stephon Effertz', 'Voluptatem quia non aperiam minus sequi consequuntur. Corporis autem omnis provident quia fugit sed perspiciatis. Optio temporibus omnis consequatur quis.', 2, '2019-01-14 22:15:43', '2019-01-14 22:15:43'),
(280, 4, 'Willy Kassulke', 'Repudiandae non iure cum accusamus et est consequuntur. Dolore iusto atque eum aspernatur maiores. Optio neque molestiae quo odit. Voluptatem earum fugiat accusamus.', 2, '2019-01-14 22:15:43', '2019-01-14 22:15:43'),
(281, 16, 'Cali Morissette', 'Voluptas a tenetur sunt perspiciatis suscipit quia harum. Dicta molestiae aut dignissimos amet porro sint. Minima enim asperiores facilis eius. Voluptates eum iure dolore dolor vel enim.', 3, '2019-01-14 22:15:43', '2019-01-14 22:15:43'),
(282, 42, 'Sid Bailey MD', 'Explicabo fuga fuga fuga nobis ut. Qui eveniet velit adipisci odio libero aut corrupti pariatur.', 1, '2019-01-14 22:15:43', '2019-01-14 22:15:43'),
(283, 9, 'Rahsaan Herzog', 'Est et blanditiis neque non ab. Cupiditate est placeat sit eum. Doloremque veniam sunt voluptatibus fuga et.', 2, '2019-01-14 22:15:43', '2019-01-14 22:15:43'),
(284, 15, 'Patrick Crona I', 'Eveniet consequatur magni et. Minima magnam voluptate accusantium fugiat. Officia quibusdam repellat aperiam et nesciunt fugiat reiciendis quos. Veritatis consequuntur dolorem eum accusantium est et est.', 0, '2019-01-14 22:15:43', '2019-01-14 22:15:43'),
(285, 32, 'Miss Katlyn McLaughlin', 'Reiciendis voluptatem laudantium illum esse. A et quae rerum ut quo. Aliquam dolore non velit sit praesentium aliquam.', 2, '2019-01-14 22:15:43', '2019-01-14 22:15:43'),
(286, 13, 'Clifford Bednar', 'Esse accusantium aliquam facere voluptatem vitae vitae autem modi. Eveniet magni quaerat aut fuga veniam ducimus fugit. Tenetur soluta facilis culpa iusto illo.', 1, '2019-01-14 22:15:43', '2019-01-14 22:15:43'),
(287, 27, 'Mr. Brennan Cronin PhD', 'Soluta corrupti eum quam quam. Ex qui qui architecto quidem est ea laudantium temporibus.', 3, '2019-01-14 22:15:43', '2019-01-14 22:15:43'),
(288, 42, 'Mrs. Kristin Jaskolski Jr.', 'Consequatur error aspernatur voluptas eos veritatis. Placeat et in nisi cumque repudiandae rerum. Vitae aut inventore facilis veritatis autem officia eveniet.', 2, '2019-01-14 22:15:43', '2019-01-14 22:15:43'),
(289, 31, 'Mr. Talon Murazik III', 'Ut qui nihil ducimus consequatur eligendi sequi deleniti. Voluptatum qui quibusdam explicabo. Laudantium autem dolores modi est. Reprehenderit eius ut natus dignissimos possimus ad nulla modi.', 1, '2019-01-14 22:15:43', '2019-01-14 22:15:43'),
(290, 28, 'Ebony Murray', 'Repudiandae dolorum optio eos unde ut cumque aspernatur. Totam vitae dignissimos explicabo sequi rerum.', 4, '2019-01-14 22:15:43', '2019-01-14 22:15:43'),
(291, 21, 'Prof. Jarvis Nolan Jr.', 'Accusantium sapiente rerum sed unde impedit dolores. Et vel perferendis aliquid animi vero adipisci. Nihil quo eos amet iste et. Dolorem vel perspiciatis ut assumenda.', 2, '2019-01-14 22:15:43', '2019-01-14 22:15:43'),
(292, 41, 'Prof. Mattie Jacobs', 'Asperiores excepturi saepe repellendus odit corporis velit. Qui unde impedit accusantium et eum. Aut qui expedita laudantium accusantium voluptatem iusto.', 0, '2019-01-14 22:15:43', '2019-01-14 22:15:43'),
(293, 44, 'Antonietta Morar', 'Debitis in sint maiores officia. Vel dolore repudiandae in harum distinctio saepe.', 1, '2019-01-14 22:15:43', '2019-01-14 22:15:43'),
(294, 4, 'Yasmeen Harber', 'Earum consectetur molestiae officia et voluptate. Dignissimos ea qui perferendis ut nesciunt iure voluptatem. Nihil et voluptas dolores ut. Fugit dolorum rerum fugiat minus ut quo.', 0, '2019-01-14 22:15:44', '2019-01-14 22:15:44'),
(295, 48, 'Dr. Lucie Bahringer Sr.', 'Quos dolores consectetur alias. Vero corporis adipisci quam atque consequatur dolorem quos. Sint temporibus quibusdam vel voluptatem qui. Soluta quas odit earum nostrum.', 5, '2019-01-14 22:15:44', '2019-01-14 22:15:44'),
(296, 40, 'Levi Hand', 'Aliquam architecto voluptate occaecati. Dolore quasi et dolorum veniam. Autem sit ratione ad aut. Autem similique et quam repudiandae.', 1, '2019-01-14 22:15:44', '2019-01-14 22:15:44'),
(297, 9, 'Reilly Kiehn', 'Animi totam ut sint possimus tempore natus accusantium et. Et cupiditate animi hic. Ab debitis et quo suscipit qui. Molestiae molestiae et consequatur voluptatem quia quo omnis sit.', 1, '2019-01-14 22:15:44', '2019-01-14 22:15:44'),
(298, 32, 'Delores Walker', 'Adipisci aliquam perspiciatis eum et fugiat enim voluptates corporis. Ab eos quidem magni impedit.', 3, '2019-01-14 22:15:44', '2019-01-14 22:15:44'),
(299, 33, 'Mr. Roger Bartell Sr.', 'Impedit quis architecto rerum tempore tempore sed. Totam eveniet sequi quia hic. Recusandae ut est aspernatur molestias sint. Ut ea non perspiciatis fugit.', 3, '2019-01-14 22:15:44', '2019-01-14 22:15:44'),
(300, 37, 'Demarcus Konopelski', 'Iste aspernatur ea totam aut itaque excepturi enim. Rerum dolores voluptatibus possimus ullam est autem est. Aut fugit et sed sit est harum.', 1, '2019-01-14 22:15:44', '2019-01-14 22:15:44');

-- --------------------------------------------------------

--
-- Table structure for table `users`
--

CREATE TABLE `users` (
  `id` int(10) UNSIGNED NOT NULL,
  `name` varchar(191) COLLATE utf8mb4_unicode_ci NOT NULL,
  `email` varchar(191) COLLATE utf8mb4_unicode_ci NOT NULL,
  `email_verified_at` timestamp NULL DEFAULT NULL,
  `password` varchar(191) COLLATE utf8mb4_unicode_ci NOT NULL,
  `remember_token` varchar(100) COLLATE utf8mb4_unicode_ci DEFAULT NULL,
  `created_at` timestamp NULL DEFAULT NULL,
  `updated_at` timestamp NULL DEFAULT NULL
) ENGINE=InnoDB DEFAULT CHARSET=utf8mb4 COLLATE=utf8mb4_unicode_ci;

--
-- Indexes for dumped tables
--

--
-- Indexes for table `migrations`
--
ALTER TABLE `migrations`
  ADD PRIMARY KEY (`id`);

--
-- Indexes for table `password_resets`
--
ALTER TABLE `password_resets`
  ADD KEY `password_resets_email_index` (`email`);

--
-- Indexes for table `products`
--
ALTER TABLE `products`
  ADD PRIMARY KEY (`id`);

--
-- Indexes for table `reviews`
--
ALTER TABLE `reviews`
  ADD PRIMARY KEY (`id`),
  ADD KEY `reviews_product_id_index` (`product_id`);

--
-- Indexes for table `users`
--
ALTER TABLE `users`
  ADD PRIMARY KEY (`id`),
  ADD UNIQUE KEY `users_email_unique` (`email`);

--
-- AUTO_INCREMENT for dumped tables
--

--
-- AUTO_INCREMENT for table `migrations`
--
ALTER TABLE `migrations`
  MODIFY `id` int(10) UNSIGNED NOT NULL AUTO_INCREMENT, AUTO_INCREMENT=5;

--
-- AUTO_INCREMENT for table `products`
--
ALTER TABLE `products`
  MODIFY `id` int(10) UNSIGNED NOT NULL AUTO_INCREMENT, AUTO_INCREMENT=51;

--
-- AUTO_INCREMENT for table `reviews`
--
ALTER TABLE `reviews`
  MODIFY `id` int(10) UNSIGNED NOT NULL AUTO_INCREMENT, AUTO_INCREMENT=301;

--
-- AUTO_INCREMENT for table `users`
--
ALTER TABLE `users`
  MODIFY `id` int(10) UNSIGNED NOT NULL AUTO_INCREMENT;

--
-- Constraints for dumped tables
--

--
-- Constraints for table `reviews`
--
ALTER TABLE `reviews`
  ADD CONSTRAINT `reviews_product_id_foreign` FOREIGN KEY (`product_id`) REFERENCES `products` (`id`) ON DELETE CASCADE;
COMMIT;

/*!40101 SET CHARACTER_SET_CLIENT=@OLD_CHARACTER_SET_CLIENT */;
/*!40101 SET CHARACTER_SET_RESULTS=@OLD_CHARACTER_SET_RESULTS */;
/*!40101 SET COLLATION_CONNECTION=@OLD_COLLATION_CONNECTION */;
